[2026-06-02 00:01:43,701][__main__][INFO] - Used config: n_samples_to_attack: 2000
data_split_to_attack: test
save_attack_artifacts: true
perform_training: false
perform_training_grid_search_hparams: false
perform_attack: true
transfer:
  surrogate_model: null
  target_models: []
data:
  name: amlworld_hi
  params:
    dataset_name: ${data.name}
    data_file_path: ${data.paths.data_file_path}
    metadata_file_path: ${data.paths.metadata_file_path}
    encoding_method: one_hot_encoding
    random_seed: 42
    train_proportion: 0.8
  paths:
    data_dir_path: data/amlworld/raw-data
    data_file_path: ${data.paths.data_dir_path}/HI-Small_Trans.csv
    metadata_file_path: ${data.paths.data_dir_path}/amlworld.metadata.csv
ml_model:
  model_type: mlp
  model_artifact_path: trained-models/amlworld_hi-mlp-smote.ckpt
  perform_training: ${perform_training}
  perform_grid_search_hparams: ${perform_training_grid_search_hparams}
  default_hparams:
    n_layers: 3
    hidden_dim: 128
    lr: 0.001
    weight_decay: 1.0e-05
attack:
  attack_name: hop_skip_jump
  max_iter: 20
  max_eval: 1000
  init_eval: 50
  init_size: 50
  norm: 2
  targeted: false
  batch_size: 64
  verbose: true
  max_eval_per_iter: 128
  decision_threshold: null

[2026-06-02 00:01:57,103][src.models.utils][INFO] - Loading model from trained-models/amlworld_hi-mlp-smote.ckpt
[2026-06-02 00:01:57,439][art.estimators.classification.pytorch][INFO] - Inferred 1 hidden layers on PyTorch classifier.
[2026-06-02 00:02:02,830][__main__][INFO] - Imbalanced dataset: attacking 885 correctly-classified fraud samples.
[2026-06-02 00:02:05,305][__main__][INFO] - before-attack: {'is_misclassified_rate': 0.0, 'confusion_matrix': {'TP': 885, 'FP': 0, 'FN': 0, 'TN': 0}, 'fnr': 0.0, 'recall_fraud': 1.0, 'l0_costs_mean': 0.0, 'l0_costs_on_mis_mean': 0.0, 'stand_linf_costs_mean': 0.0, 'stand_linf_costs_on_mis_mean': 0.0}
[2026-06-02 00:02:05,305][__main__][INFO] - Executing HopSkipJump (tabular) attack.
[2026-06-02 00:02:05,409][src.attacks.hop_skip_jump_tabular][INFO] - Found initial adversarial image for untargeted attack.
[2026-06-02 00:02:05,620][src.attacks.hop_skip_jump_tabular][INFO] - Found initial adversarial image for untargeted attack.
[2026-06-02 00:02:05,832][src.attacks.hop_skip_jump_tabular][INFO] - Found initial adversarial image for untargeted attack.
[2026-06-02 00:02:06,038][src.attacks.hop_skip_jump_tabular][INFO] - Found initial adversarial image for untargeted attack.
[2026-06-02 00:02:06,247][src.attacks.hop_skip_jump_tabular][INFO] - Found initial adversarial image for untargeted attack.
[2026-06-02 00:02:06,447][src.attacks.hop_skip_jump_tabular][INFO] - Found initial adversarial image for untargeted attack.
[2026-06-02 00:02:06,648][src.attacks.hop_skip_jump_tabular][INFO] - Found initial adversarial image for untargeted attack.
[2026-06-02 00:02:06,853][src.attacks.hop_skip_jump_tabular][INFO] - Found initial adversarial image for untargeted attack.
[2026-06-02 00:02:07,055][src.attacks.hop_skip_jump_tabular][INFO] - Found initial adversarial image for untargeted attack.
[2026-06-02 00:02:07,255][src.attacks.hop_skip_jump_tabular][INFO] - Found initial adversarial image for untargeted attack.
[2026-06-02 00:02:07,456][src.attacks.hop_skip_jump_tabular][INFO] - Found initial adversarial image for untargeted attack.
[2026-06-02 00:02:07,659][src.attacks.hop_skip_jump_tabular][INFO] - Found initial adversarial image for untargeted attack.
[2026-06-02 00:02:07,862][src.attacks.hop_skip_jump_tabular][INFO] - Found initial adversarial image for untargeted attack.
[2026-06-02 00:02:08,029][src.attacks.hop_skip_jump_tabular][INFO] - Found initial adversarial image for untargeted attack.
[2026-06-02 00:02:08,230][src.attacks.hop_skip_jump_tabular][INFO] - Found initial adversarial image for untargeted attack.
[2026-06-02 00:02:08,437][src.attacks.hop_skip_jump_tabular][INFO] - Found initial adversarial image for untargeted attack.
[2026-06-02 00:02:08,637][src.attacks.hop_skip_jump_tabular][INFO] - Found initial adversarial image for untargeted attack.
[2026-06-02 00:02:08,839][src.attacks.hop_skip_jump_tabular][INFO] - Found initial adversarial image for untargeted attack.
[2026-06-02 00:02:09,042][src.attacks.hop_skip_jump_tabular][INFO] - Found initial adversarial image for untargeted attack.
[2026-06-02 00:02:09,242][src.attacks.hop_skip_jump_tabular][INFO] - Found initial adversarial image for untargeted attack.
[2026-06-02 00:02:09,444][src.attacks.hop_skip_jump_tabular][INFO] - Found initial adversarial image for untargeted attack.
[2026-06-02 00:02:09,645][src.attacks.hop_skip_jump_tabular][INFO] - Found initial adversarial image for untargeted attack.
[2026-06-02 00:02:09,847][src.attacks.hop_skip_jump_tabular][INFO] - Found initial adversarial image for untargeted attack.
[2026-06-02 00:02:10,046][src.attacks.hop_skip_jump_tabular][INFO] - Found initial adversarial image for untargeted attack.
[2026-06-02 00:02:10,246][src.attacks.hop_skip_jump_tabular][INFO] - Found initial adversarial image for untargeted attack.
[2026-06-02 00:02:10,449][src.attacks.hop_skip_jump_tabular][INFO] - Found initial adversarial image for untargeted attack.
[2026-06-02 00:02:10,649][src.attacks.hop_skip_jump_tabular][INFO] - Found initial adversarial image for untargeted attack.
[2026-06-02 00:02:10,851][src.attacks.hop_skip_jump_tabular][INFO] - Found initial adversarial image for untargeted attack.
[2026-06-02 00:02:11,053][src.attacks.hop_skip_jump_tabular][INFO] - Found initial adversarial image for untargeted attack.
[2026-06-02 00:02:11,255][src.attacks.hop_skip_jump_tabular][INFO] - Found initial adversarial image for untargeted attack.
[2026-06-02 00:02:11,456][src.attacks.hop_skip_jump_tabular][INFO] - Found initial adversarial image for untargeted attack.
[2026-06-02 00:02:11,657][src.attacks.hop_skip_jump_tabular][INFO] - Found initial adversarial image for untargeted attack.
[2026-06-02 00:02:11,863][src.attacks.hop_skip_jump_tabular][INFO] - Found initial adversarial image for untargeted attack.
[2026-06-02 00:02:12,063][src.attacks.hop_skip_jump_tabular][INFO] - Found initial adversarial image for untargeted attack.
[2026-06-02 00:02:12,263][src.attacks.hop_skip_jump_tabular][INFO] - Found initial adversarial image for untargeted attack.
[2026-06-02 00:02:12,465][src.attacks.hop_skip_jump_tabular][INFO] - Found initial adversarial image for untargeted attack.
[2026-06-02 00:02:12,666][src.attacks.hop_skip_jump_tabular][INFO] - Found initial adversarial image for untargeted attack.
[2026-06-02 00:02:12,869][src.attacks.hop_skip_jump_tabular][INFO] - Found initial adversarial image for untargeted attack.
[2026-06-02 00:02:13,069][src.attacks.hop_skip_jump_tabular][INFO] - Found initial adversarial image for untargeted attack.
[2026-06-02 00:02:13,269][src.attacks.hop_skip_jump_tabular][INFO] - Found initial adversarial image for untargeted attack.
[2026-06-02 00:02:13,472][src.attacks.hop_skip_jump_tabular][INFO] - Found initial adversarial image for untargeted attack.
[2026-06-02 00:02:13,679][src.attacks.hop_skip_jump_tabular][INFO] - Found initial adversarial image for untargeted attack.
[2026-06-02 00:02:13,886][src.attacks.hop_skip_jump_tabular][INFO] - Found initial adversarial image for untargeted attack.
[2026-06-02 00:02:14,089][src.attacks.hop_skip_jump_tabular][INFO] - Found initial adversarial image for untargeted attack.
[2026-06-02 00:02:14,293][src.attacks.hop_skip_jump_tabular][INFO] - Found initial adversarial image for untargeted attack.
[2026-06-02 00:02:14,494][src.attacks.hop_skip_jump_tabular][INFO] - Found initial adversarial image for untargeted attack.
[2026-06-02 00:02:14,693][src.attacks.hop_skip_jump_tabular][INFO] - Found initial adversarial image for untargeted attack.
[2026-06-02 00:02:14,904][src.attacks.hop_skip_jump_tabular][INFO] - Found initial adversarial image for untargeted attack.
[2026-06-02 00:02:15,105][src.attacks.hop_skip_jump_tabular][INFO] - Found initial adversarial image for untargeted attack.
[2026-06-02 00:02:15,304][src.attacks.hop_skip_jump_tabular][INFO] - Found initial adversarial image for untargeted attack.
[2026-06-02 00:02:15,511][src.attacks.hop_skip_jump_tabular][INFO] - Found initial adversarial image for untargeted attack.
[2026-06-02 00:02:15,712][src.attacks.hop_skip_jump_tabular][INFO] - Found initial adversarial image for untargeted attack.
[2026-06-02 00:02:15,924][src.attacks.hop_skip_jump_tabular][INFO] - Found initial adversarial image for untargeted attack.
[2026-06-02 00:02:16,125][src.attacks.hop_skip_jump_tabular][INFO] - Found initial adversarial image for untargeted attack.
[2026-06-02 00:02:16,333][src.attacks.hop_skip_jump_tabular][INFO] - Found initial adversarial image for untargeted attack.
[2026-06-02 00:02:16,540][src.attacks.hop_skip_jump_tabular][INFO] - Found initial adversarial image for untargeted attack.
[2026-06-02 00:02:16,747][src.attacks.hop_skip_jump_tabular][INFO] - Found initial adversarial image for untargeted attack.
[2026-06-02 00:02:16,950][src.attacks.hop_skip_jump_tabular][INFO] - Found initial adversarial image for untargeted attack.
[2026-06-02 00:02:17,151][src.attacks.hop_skip_jump_tabular][INFO] - Found initial adversarial image for untargeted attack.
[2026-06-02 00:02:17,354][src.attacks.hop_skip_jump_tabular][INFO] - Found initial adversarial image for untargeted attack.
[2026-06-02 00:02:17,563][src.attacks.hop_skip_jump_tabular][INFO] - Found initial adversarial image for untargeted attack.
[2026-06-02 00:02:17,764][src.attacks.hop_skip_jump_tabular][INFO] - Found initial adversarial image for untargeted attack.
[2026-06-02 00:02:17,967][src.attacks.hop_skip_jump_tabular][INFO] - Found initial adversarial image for untargeted attack.
[2026-06-02 00:02:18,174][src.attacks.hop_skip_jump_tabular][INFO] - Found initial adversarial image for untargeted attack.
[2026-06-02 00:02:18,375][src.attacks.hop_skip_jump_tabular][INFO] - Found initial adversarial image for untargeted attack.
[2026-06-02 00:02:18,580][src.attacks.hop_skip_jump_tabular][INFO] - Found initial adversarial image for untargeted attack.
[2026-06-02 00:02:18,629][src.attacks.hop_skip_jump_tabular][INFO] - Found initial adversarial image for untargeted attack.
[2026-06-02 00:02:18,830][src.attacks.hop_skip_jump_tabular][INFO] - Found initial adversarial image for untargeted attack.
[2026-06-02 00:02:19,032][src.attacks.hop_skip_jump_tabular][INFO] - Found initial adversarial image for untargeted attack.
[2026-06-02 00:02:19,231][src.attacks.hop_skip_jump_tabular][INFO] - Found initial adversarial image for untargeted attack.
[2026-06-02 00:02:19,433][src.attacks.hop_skip_jump_tabular][INFO] - Found initial adversarial image for untargeted attack.
[2026-06-02 00:02:19,634][src.attacks.hop_skip_jump_tabular][INFO] - Found initial adversarial image for untargeted attack.
[2026-06-02 00:02:19,833][src.attacks.hop_skip_jump_tabular][INFO] - Found initial adversarial image for untargeted attack.
[2026-06-02 00:02:20,035][src.attacks.hop_skip_jump_tabular][INFO] - Found initial adversarial image for untargeted attack.
[2026-06-02 00:02:20,234][src.attacks.hop_skip_jump_tabular][INFO] - Found initial adversarial image for untargeted attack.
[2026-06-02 00:02:20,435][src.attacks.hop_skip_jump_tabular][INFO] - Found initial adversarial image for untargeted attack.
[2026-06-02 00:02:20,638][src.attacks.hop_skip_jump_tabular][INFO] - Found initial adversarial image for untargeted attack.
[2026-06-02 00:02:20,837][src.attacks.hop_skip_jump_tabular][INFO] - Found initial adversarial image for untargeted attack.
[2026-06-02 00:02:21,038][src.attacks.hop_skip_jump_tabular][INFO] - Found initial adversarial image for untargeted attack.
[2026-06-02 00:02:21,238][src.attacks.hop_skip_jump_tabular][INFO] - Found initial adversarial image for untargeted attack.
[2026-06-02 00:02:21,437][src.attacks.hop_skip_jump_tabular][INFO] - Found initial adversarial image for untargeted attack.
[2026-06-02 00:02:21,639][src.attacks.hop_skip_jump_tabular][INFO] - Found initial adversarial image for untargeted attack.
[2026-06-02 00:02:21,838][src.attacks.hop_skip_jump_tabular][INFO] - Found initial adversarial image for untargeted attack.
[2026-06-02 00:02:22,039][src.attacks.hop_skip_jump_tabular][INFO] - Found initial adversarial image for untargeted attack.
[2026-06-02 00:02:22,243][src.attacks.hop_skip_jump_tabular][INFO] - Found initial adversarial image for untargeted attack.
[2026-06-02 00:02:22,502][src.attacks.hop_skip_jump_tabular][INFO] - Found initial adversarial image for untargeted attack.
[2026-06-02 00:02:22,723][src.attacks.hop_skip_jump_tabular][INFO] - Found initial adversarial image for untargeted attack.
[2026-06-02 00:02:22,940][src.attacks.hop_skip_jump_tabular][INFO] - Found initial adversarial image for untargeted attack.
[2026-06-02 00:02:23,150][src.attacks.hop_skip_jump_tabular][INFO] - Found initial adversarial image for untargeted attack.
[2026-06-02 00:02:23,351][src.attacks.hop_skip_jump_tabular][INFO] - Found initial adversarial image for untargeted attack.
[2026-06-02 00:02:23,553][src.attacks.hop_skip_jump_tabular][INFO] - Found initial adversarial image for untargeted attack.
[2026-06-02 00:02:23,759][src.attacks.hop_skip_jump_tabular][INFO] - Found initial adversarial image for untargeted attack.
[2026-06-02 00:02:23,962][src.attacks.hop_skip_jump_tabular][INFO] - Found initial adversarial image for untargeted attack.
[2026-06-02 00:02:24,164][src.attacks.hop_skip_jump_tabular][INFO] - Found initial adversarial image for untargeted attack.
[2026-06-02 00:02:24,369][src.attacks.hop_skip_jump_tabular][INFO] - Found initial adversarial image for untargeted attack.
[2026-06-02 00:02:24,605][src.attacks.hop_skip_jump_tabular][INFO] - Found initial adversarial image for untargeted attack.
[2026-06-02 00:02:24,833][src.attacks.hop_skip_jump_tabular][INFO] - Found initial adversarial image for untargeted attack.
[2026-06-02 00:02:25,036][src.attacks.hop_skip_jump_tabular][INFO] - Found initial adversarial image for untargeted attack.
[2026-06-02 00:02:25,238][src.attacks.hop_skip_jump_tabular][INFO] - Found initial adversarial image for untargeted attack.
[2026-06-02 00:02:25,439][src.attacks.hop_skip_jump_tabular][INFO] - Found initial adversarial image for untargeted attack.
[2026-06-02 00:02:25,643][src.attacks.hop_skip_jump_tabular][INFO] - Found initial adversarial image for untargeted attack.
[2026-06-02 00:02:25,844][src.attacks.hop_skip_jump_tabular][INFO] - Found initial adversarial image for untargeted attack.
[2026-06-02 00:02:26,047][src.attacks.hop_skip_jump_tabular][INFO] - Found initial adversarial image for untargeted attack.
[2026-06-02 00:02:26,249][src.attacks.hop_skip_jump_tabular][INFO] - Found initial adversarial image for untargeted attack.
[2026-06-02 00:02:26,455][src.attacks.hop_skip_jump_tabular][INFO] - Found initial adversarial image for untargeted attack.
[2026-06-02 00:02:26,657][src.attacks.hop_skip_jump_tabular][INFO] - Found initial adversarial image for untargeted attack.
[2026-06-02 00:02:26,858][src.attacks.hop_skip_jump_tabular][INFO] - Found initial adversarial image for untargeted attack.
[2026-06-02 00:02:27,061][src.attacks.hop_skip_jump_tabular][INFO] - Found initial adversarial image for untargeted attack.
[2026-06-02 00:02:27,261][src.attacks.hop_skip_jump_tabular][INFO] - Found initial adversarial image for untargeted attack.
[2026-06-02 00:02:27,461][src.attacks.hop_skip_jump_tabular][INFO] - Found initial adversarial image for untargeted attack.
[2026-06-02 00:02:27,664][src.attacks.hop_skip_jump_tabular][INFO] - Found initial adversarial image for untargeted attack.
[2026-06-02 00:02:27,868][src.attacks.hop_skip_jump_tabular][INFO] - Found initial adversarial image for untargeted attack.
[2026-06-02 00:02:28,071][src.attacks.hop_skip_jump_tabular][INFO] - Found initial adversarial image for untargeted attack.
[2026-06-02 00:02:28,272][src.attacks.hop_skip_jump_tabular][INFO] - Found initial adversarial image for untargeted attack.
[2026-06-02 00:02:28,495][src.attacks.hop_skip_jump_tabular][INFO] - Found initial adversarial image for untargeted attack.
[2026-06-02 00:02:28,699][src.attacks.hop_skip_jump_tabular][INFO] - Found initial adversarial image for untargeted attack.
[2026-06-02 00:02:28,898][src.attacks.hop_skip_jump_tabular][INFO] - Found initial adversarial image for untargeted attack.
[2026-06-02 00:02:29,101][src.attacks.hop_skip_jump_tabular][INFO] - Found initial adversarial image for untargeted attack.
[2026-06-02 00:02:29,302][src.attacks.hop_skip_jump_tabular][INFO] - Found initial adversarial image for untargeted attack.
[2026-06-02 00:02:29,501][src.attacks.hop_skip_jump_tabular][INFO] - Found initial adversarial image for untargeted attack.
[2026-06-02 00:02:29,704][src.attacks.hop_skip_jump_tabular][INFO] - Found initial adversarial image for untargeted attack.
[2026-06-02 00:02:29,904][src.attacks.hop_skip_jump_tabular][INFO] - Found initial adversarial image for untargeted attack.
[2026-06-02 00:02:30,110][src.attacks.hop_skip_jump_tabular][INFO] - Found initial adversarial image for untargeted attack.
[2026-06-02 00:02:30,314][src.attacks.hop_skip_jump_tabular][INFO] - Found initial adversarial image for untargeted attack.
[2026-06-02 00:02:30,517][src.attacks.hop_skip_jump_tabular][INFO] - Found initial adversarial image for untargeted attack.
[2026-06-02 00:02:30,724][src.attacks.hop_skip_jump_tabular][INFO] - Found initial adversarial image for untargeted attack.
[2026-06-02 00:02:30,927][src.attacks.hop_skip_jump_tabular][INFO] - Found initial adversarial image for untargeted attack.
[2026-06-02 00:02:31,132][src.attacks.hop_skip_jump_tabular][INFO] - Found initial adversarial image for untargeted attack.
[2026-06-02 00:02:31,336][src.attacks.hop_skip_jump_tabular][INFO] - Found initial adversarial image for untargeted attack.
[2026-06-02 00:02:31,543][src.attacks.hop_skip_jump_tabular][INFO] - Found initial adversarial image for untargeted attack.
[2026-06-02 00:02:31,747][src.attacks.hop_skip_jump_tabular][INFO] - Found initial adversarial image for untargeted attack.
[2026-06-02 00:02:31,949][src.attacks.hop_skip_jump_tabular][INFO] - Found initial adversarial image for untargeted attack.
[2026-06-02 00:02:32,154][src.attacks.hop_skip_jump_tabular][INFO] - Found initial adversarial image for untargeted attack.
[2026-06-02 00:02:32,360][src.attacks.hop_skip_jump_tabular][INFO] - Found initial adversarial image for untargeted attack.
[2026-06-02 00:02:32,565][src.attacks.hop_skip_jump_tabular][INFO] - Found initial adversarial image for untargeted attack.
[2026-06-02 00:02:32,767][src.attacks.hop_skip_jump_tabular][INFO] - Found initial adversarial image for untargeted attack.
[2026-06-02 00:02:32,971][src.attacks.hop_skip_jump_tabular][INFO] - Found initial adversarial image for untargeted attack.
[2026-06-02 00:02:33,178][src.attacks.hop_skip_jump_tabular][INFO] - Found initial adversarial image for untargeted attack.
[2026-06-02 00:02:33,380][src.attacks.hop_skip_jump_tabular][INFO] - Found initial adversarial image for untargeted attack.
[2026-06-02 00:02:33,586][src.attacks.hop_skip_jump_tabular][INFO] - Found initial adversarial image for untargeted attack.
[2026-06-02 00:02:33,792][src.attacks.hop_skip_jump_tabular][INFO] - Found initial adversarial image for untargeted attack.
[2026-06-02 00:02:33,994][src.attacks.hop_skip_jump_tabular][INFO] - Found initial adversarial image for untargeted attack.
[2026-06-02 00:02:34,202][src.attacks.hop_skip_jump_tabular][INFO] - Found initial adversarial image for untargeted attack.
[2026-06-02 00:02:34,409][src.attacks.hop_skip_jump_tabular][INFO] - Found initial adversarial image for untargeted attack.
[2026-06-02 00:02:34,616][src.attacks.hop_skip_jump_tabular][INFO] - Found initial adversarial image for untargeted attack.
[2026-06-02 00:02:34,821][src.attacks.hop_skip_jump_tabular][INFO] - Found initial adversarial image for untargeted attack.
[2026-06-02 00:02:35,025][src.attacks.hop_skip_jump_tabular][INFO] - Found initial adversarial image for untargeted attack.
[2026-06-02 00:02:35,231][src.attacks.hop_skip_jump_tabular][INFO] - Found initial adversarial image for untargeted attack.
[2026-06-02 00:02:35,434][src.attacks.hop_skip_jump_tabular][INFO] - Found initial adversarial image for untargeted attack.
[2026-06-02 00:02:35,643][src.attacks.hop_skip_jump_tabular][INFO] - Found initial adversarial image for untargeted attack.
[2026-06-02 00:02:35,845][src.attacks.hop_skip_jump_tabular][INFO] - Found initial adversarial image for untargeted attack.
[2026-06-02 00:02:36,047][src.attacks.hop_skip_jump_tabular][INFO] - Found initial adversarial image for untargeted attack.
[2026-06-02 00:02:36,251][src.attacks.hop_skip_jump_tabular][INFO] - Found initial adversarial image for untargeted attack.
[2026-06-02 00:02:36,457][src.attacks.hop_skip_jump_tabular][INFO] - Found initial adversarial image for untargeted attack.
[2026-06-02 00:02:36,660][src.attacks.hop_skip_jump_tabular][INFO] - Found initial adversarial image for untargeted attack.
[2026-06-02 00:02:36,862][src.attacks.hop_skip_jump_tabular][INFO] - Found initial adversarial image for untargeted attack.
[2026-06-02 00:02:37,064][src.attacks.hop_skip_jump_tabular][INFO] - Found initial adversarial image for untargeted attack.
[2026-06-02 00:02:37,267][src.attacks.hop_skip_jump_tabular][INFO] - Found initial adversarial image for untargeted attack.
[2026-06-02 00:02:37,470][src.attacks.hop_skip_jump_tabular][INFO] - Found initial adversarial image for untargeted attack.
[2026-06-02 00:02:37,674][src.attacks.hop_skip_jump_tabular][INFO] - Found initial adversarial image for untargeted attack.
[2026-06-02 00:02:37,877][src.attacks.hop_skip_jump_tabular][INFO] - Found initial adversarial image for untargeted attack.
[2026-06-02 00:02:38,078][src.attacks.hop_skip_jump_tabular][INFO] - Found initial adversarial image for untargeted attack.
[2026-06-02 00:02:38,282][src.attacks.hop_skip_jump_tabular][INFO] - Found initial adversarial image for untargeted attack.
[2026-06-02 00:02:38,505][src.attacks.hop_skip_jump_tabular][INFO] - Found initial adversarial image for untargeted attack.
[2026-06-02 00:02:38,708][src.attacks.hop_skip_jump_tabular][INFO] - Found initial adversarial image for untargeted attack.
[2026-06-02 00:02:38,910][src.attacks.hop_skip_jump_tabular][INFO] - Found initial adversarial image for untargeted attack.
[2026-06-02 00:02:39,112][src.attacks.hop_skip_jump_tabular][INFO] - Found initial adversarial image for untargeted attack.
[2026-06-02 00:02:39,313][src.attacks.hop_skip_jump_tabular][INFO] - Found initial adversarial image for untargeted attack.
[2026-06-02 00:02:39,516][src.attacks.hop_skip_jump_tabular][INFO] - Found initial adversarial image for untargeted attack.
[2026-06-02 00:02:39,724][src.attacks.hop_skip_jump_tabular][INFO] - Found initial adversarial image for untargeted attack.
[2026-06-02 00:02:39,926][src.attacks.hop_skip_jump_tabular][INFO] - Found initial adversarial image for untargeted attack.
[2026-06-02 00:02:40,128][src.attacks.hop_skip_jump_tabular][INFO] - Found initial adversarial image for untargeted attack.
[2026-06-02 00:02:40,331][src.attacks.hop_skip_jump_tabular][INFO] - Found initial adversarial image for untargeted attack.
[2026-06-02 00:02:40,533][src.attacks.hop_skip_jump_tabular][INFO] - Found initial adversarial image for untargeted attack.
[2026-06-02 00:02:40,739][src.attacks.hop_skip_jump_tabular][INFO] - Found initial adversarial image for untargeted attack.
[2026-06-02 00:02:40,943][src.attacks.hop_skip_jump_tabular][INFO] - Found initial adversarial image for untargeted attack.
[2026-06-02 00:02:41,144][src.attacks.hop_skip_jump_tabular][INFO] - Found initial adversarial image for untargeted attack.
[2026-06-02 00:02:41,347][src.attacks.hop_skip_jump_tabular][INFO] - Found initial adversarial image for untargeted attack.
[2026-06-02 00:02:41,550][src.attacks.hop_skip_jump_tabular][INFO] - Found initial adversarial image for untargeted attack.
[2026-06-02 00:02:41,754][src.attacks.hop_skip_jump_tabular][INFO] - Found initial adversarial image for untargeted attack.
[2026-06-02 00:02:41,957][src.attacks.hop_skip_jump_tabular][INFO] - Found initial adversarial image for untargeted attack.
[2026-06-02 00:02:42,160][src.attacks.hop_skip_jump_tabular][INFO] - Found initial adversarial image for untargeted attack.
[2026-06-02 00:02:42,364][src.attacks.hop_skip_jump_tabular][INFO] - Found initial adversarial image for untargeted attack.
[2026-06-02 00:02:42,567][src.attacks.hop_skip_jump_tabular][INFO] - Found initial adversarial image for untargeted attack.
[2026-06-02 00:02:42,772][src.attacks.hop_skip_jump_tabular][INFO] - Found initial adversarial image for untargeted attack.
[2026-06-02 00:02:42,975][src.attacks.hop_skip_jump_tabular][INFO] - Found initial adversarial image for untargeted attack.
[2026-06-02 00:02:43,176][src.attacks.hop_skip_jump_tabular][INFO] - Found initial adversarial image for untargeted attack.
[2026-06-02 00:02:43,378][src.attacks.hop_skip_jump_tabular][INFO] - Found initial adversarial image for untargeted attack.
[2026-06-02 00:02:43,579][src.attacks.hop_skip_jump_tabular][INFO] - Found initial adversarial image for untargeted attack.
[2026-06-02 00:02:43,781][src.attacks.hop_skip_jump_tabular][INFO] - Found initial adversarial image for untargeted attack.
[2026-06-02 00:02:43,982][src.attacks.hop_skip_jump_tabular][INFO] - Found initial adversarial image for untargeted attack.
[2026-06-02 00:02:44,188][src.attacks.hop_skip_jump_tabular][INFO] - Found initial adversarial image for untargeted attack.
[2026-06-02 00:02:44,391][src.attacks.hop_skip_jump_tabular][INFO] - Found initial adversarial image for untargeted attack.
[2026-06-02 00:02:44,594][src.attacks.hop_skip_jump_tabular][INFO] - Found initial adversarial image for untargeted attack.
[2026-06-02 00:02:44,796][src.attacks.hop_skip_jump_tabular][INFO] - Found initial adversarial image for untargeted attack.
[2026-06-02 00:02:44,998][src.attacks.hop_skip_jump_tabular][INFO] - Found initial adversarial image for untargeted attack.
[2026-06-02 00:02:45,202][src.attacks.hop_skip_jump_tabular][INFO] - Found initial adversarial image for untargeted attack.
[2026-06-02 00:02:45,408][src.attacks.hop_skip_jump_tabular][INFO] - Found initial adversarial image for untargeted attack.
[2026-06-02 00:02:45,611][src.attacks.hop_skip_jump_tabular][INFO] - Found initial adversarial image for untargeted attack.
[2026-06-02 00:02:45,815][src.attacks.hop_skip_jump_tabular][INFO] - Found initial adversarial image for untargeted attack.
[2026-06-02 00:02:46,017][src.attacks.hop_skip_jump_tabular][INFO] - Found initial adversarial image for untargeted attack.
[2026-06-02 00:02:46,225][src.attacks.hop_skip_jump_tabular][INFO] - Found initial adversarial image for untargeted attack.
[2026-06-02 00:02:46,428][src.attacks.hop_skip_jump_tabular][INFO] - Found initial adversarial image for untargeted attack.
[2026-06-02 00:02:46,629][src.attacks.hop_skip_jump_tabular][INFO] - Found initial adversarial image for untargeted attack.
[2026-06-02 00:02:46,832][src.attacks.hop_skip_jump_tabular][INFO] - Found initial adversarial image for untargeted attack.
[2026-06-02 00:02:47,037][src.attacks.hop_skip_jump_tabular][INFO] - Found initial adversarial image for untargeted attack.
[2026-06-02 00:02:47,240][src.attacks.hop_skip_jump_tabular][INFO] - Found initial adversarial image for untargeted attack.
[2026-06-02 00:02:47,443][src.attacks.hop_skip_jump_tabular][INFO] - Found initial adversarial image for untargeted attack.
[2026-06-02 00:02:47,645][src.attacks.hop_skip_jump_tabular][INFO] - Found initial adversarial image for untargeted attack.
[2026-06-02 00:02:47,847][src.attacks.hop_skip_jump_tabular][INFO] - Found initial adversarial image for untargeted attack.
[2026-06-02 00:02:48,049][src.attacks.hop_skip_jump_tabular][INFO] - Found initial adversarial image for untargeted attack.
[2026-06-02 00:02:48,253][src.attacks.hop_skip_jump_tabular][INFO] - Found initial adversarial image for untargeted attack.
[2026-06-02 00:02:48,457][src.attacks.hop_skip_jump_tabular][INFO] - Found initial adversarial image for untargeted attack.
[2026-06-02 00:02:48,659][src.attacks.hop_skip_jump_tabular][INFO] - Found initial adversarial image for untargeted attack.
[2026-06-02 00:02:48,864][src.attacks.hop_skip_jump_tabular][INFO] - Found initial adversarial image for untargeted attack.
[2026-06-02 00:02:49,068][src.attacks.hop_skip_jump_tabular][INFO] - Found initial adversarial image for untargeted attack.
[2026-06-02 00:02:49,273][src.attacks.hop_skip_jump_tabular][INFO] - Found initial adversarial image for untargeted attack.
[2026-06-02 00:02:49,479][src.attacks.hop_skip_jump_tabular][INFO] - Found initial adversarial image for untargeted attack.
[2026-06-02 00:02:49,691][src.attacks.hop_skip_jump_tabular][INFO] - Found initial adversarial image for untargeted attack.
[2026-06-02 00:02:49,896][src.attacks.hop_skip_jump_tabular][INFO] - Found initial adversarial image for untargeted attack.
[2026-06-02 00:02:50,107][src.attacks.hop_skip_jump_tabular][INFO] - Found initial adversarial image for untargeted attack.
[2026-06-02 00:02:50,316][src.attacks.hop_skip_jump_tabular][INFO] - Found initial adversarial image for untargeted attack.
[2026-06-02 00:02:50,522][src.attacks.hop_skip_jump_tabular][INFO] - Found initial adversarial image for untargeted attack.
[2026-06-02 00:02:50,723][src.attacks.hop_skip_jump_tabular][INFO] - Found initial adversarial image for untargeted attack.
[2026-06-02 00:02:50,925][src.attacks.hop_skip_jump_tabular][INFO] - Found initial adversarial image for untargeted attack.
[2026-06-02 00:02:51,129][src.attacks.hop_skip_jump_tabular][INFO] - Found initial adversarial image for untargeted attack.
[2026-06-02 00:02:51,332][src.attacks.hop_skip_jump_tabular][INFO] - Found initial adversarial image for untargeted attack.
[2026-06-02 00:02:51,534][src.attacks.hop_skip_jump_tabular][INFO] - Found initial adversarial image for untargeted attack.
[2026-06-02 00:02:51,737][src.attacks.hop_skip_jump_tabular][INFO] - Found initial adversarial image for untargeted attack.
[2026-06-02 00:02:51,942][src.attacks.hop_skip_jump_tabular][INFO] - Found initial adversarial image for untargeted attack.
[2026-06-02 00:02:52,145][src.attacks.hop_skip_jump_tabular][INFO] - Found initial adversarial image for untargeted attack.
[2026-06-02 00:02:52,348][src.attacks.hop_skip_jump_tabular][INFO] - Found initial adversarial image for untargeted attack.
[2026-06-02 00:02:52,557][src.attacks.hop_skip_jump_tabular][INFO] - Found initial adversarial image for untargeted attack.
[2026-06-02 00:02:52,760][src.attacks.hop_skip_jump_tabular][INFO] - Found initial adversarial image for untargeted attack.
[2026-06-02 00:02:52,961][src.attacks.hop_skip_jump_tabular][INFO] - Found initial adversarial image for untargeted attack.
[2026-06-02 00:02:53,168][src.attacks.hop_skip_jump_tabular][INFO] - Found initial adversarial image for untargeted attack.
[2026-06-02 00:02:53,372][src.attacks.hop_skip_jump_tabular][INFO] - Found initial adversarial image for untargeted attack.
[2026-06-02 00:02:53,577][src.attacks.hop_skip_jump_tabular][INFO] - Found initial adversarial image for untargeted attack.
[2026-06-02 00:02:53,780][src.attacks.hop_skip_jump_tabular][INFO] - Found initial adversarial image for untargeted attack.
[2026-06-02 00:02:53,984][src.attacks.hop_skip_jump_tabular][INFO] - Found initial adversarial image for untargeted attack.
[2026-06-02 00:02:54,184][src.attacks.hop_skip_jump_tabular][INFO] - Found initial adversarial image for untargeted attack.
[2026-06-02 00:02:54,388][src.attacks.hop_skip_jump_tabular][INFO] - Found initial adversarial image for untargeted attack.
[2026-06-02 00:02:54,591][src.attacks.hop_skip_jump_tabular][INFO] - Found initial adversarial image for untargeted attack.
[2026-06-02 00:02:54,795][src.attacks.hop_skip_jump_tabular][INFO] - Found initial adversarial image for untargeted attack.
[2026-06-02 00:02:55,001][src.attacks.hop_skip_jump_tabular][INFO] - Found initial adversarial image for untargeted attack.
[2026-06-02 00:02:55,208][src.attacks.hop_skip_jump_tabular][INFO] - Found initial adversarial image for untargeted attack.
[2026-06-02 00:02:55,416][src.attacks.hop_skip_jump_tabular][INFO] - Found initial adversarial image for untargeted attack.
[2026-06-02 00:02:55,617][src.attacks.hop_skip_jump_tabular][INFO] - Found initial adversarial image for untargeted attack.
[2026-06-02 00:02:55,823][src.attacks.hop_skip_jump_tabular][INFO] - Found initial adversarial image for untargeted attack.
[2026-06-02 00:02:56,025][src.attacks.hop_skip_jump_tabular][INFO] - Found initial adversarial image for untargeted attack.
[2026-06-02 00:02:56,225][src.attacks.hop_skip_jump_tabular][INFO] - Found initial adversarial image for untargeted attack.
[2026-06-02 00:02:56,439][src.attacks.hop_skip_jump_tabular][INFO] - Found initial adversarial image for untargeted attack.
[2026-06-02 00:02:56,643][src.attacks.hop_skip_jump_tabular][INFO] - Found initial adversarial image for untargeted attack.
[2026-06-02 00:02:56,849][src.attacks.hop_skip_jump_tabular][INFO] - Found initial adversarial image for untargeted attack.
[2026-06-02 00:02:57,057][src.attacks.hop_skip_jump_tabular][INFO] - Found initial adversarial image for untargeted attack.
[2026-06-02 00:02:57,261][src.attacks.hop_skip_jump_tabular][INFO] - Found initial adversarial image for untargeted attack.
[2026-06-02 00:02:57,464][src.attacks.hop_skip_jump_tabular][INFO] - Found initial adversarial image for untargeted attack.
[2026-06-02 00:02:57,671][src.attacks.hop_skip_jump_tabular][INFO] - Found initial adversarial image for untargeted attack.
[2026-06-02 00:02:57,882][src.attacks.hop_skip_jump_tabular][INFO] - Found initial adversarial image for untargeted attack.
[2026-06-02 00:02:58,093][src.attacks.hop_skip_jump_tabular][INFO] - Found initial adversarial image for untargeted attack.
[2026-06-02 00:02:58,294][src.attacks.hop_skip_jump_tabular][INFO] - Found initial adversarial image for untargeted attack.
[2026-06-02 00:02:58,496][src.attacks.hop_skip_jump_tabular][INFO] - Found initial adversarial image for untargeted attack.
[2026-06-02 00:02:58,696][src.attacks.hop_skip_jump_tabular][INFO] - Found initial adversarial image for untargeted attack.
[2026-06-02 00:02:58,905][src.attacks.hop_skip_jump_tabular][INFO] - Found initial adversarial image for untargeted attack.
[2026-06-02 00:02:59,104][src.attacks.hop_skip_jump_tabular][INFO] - Found initial adversarial image for untargeted attack.
[2026-06-02 00:02:59,154][src.attacks.hop_skip_jump_tabular][INFO] - Found initial adversarial image for untargeted attack.
[2026-06-02 00:02:59,357][src.attacks.hop_skip_jump_tabular][INFO] - Found initial adversarial image for untargeted attack.
[2026-06-02 00:02:59,562][src.attacks.hop_skip_jump_tabular][INFO] - Found initial adversarial image for untargeted attack.
[2026-06-02 00:02:59,765][src.attacks.hop_skip_jump_tabular][INFO] - Found initial adversarial image for untargeted attack.
[2026-06-02 00:02:59,971][src.attacks.hop_skip_jump_tabular][INFO] - Found initial adversarial image for untargeted attack.
[2026-06-02 00:03:00,179][src.attacks.hop_skip_jump_tabular][INFO] - Found initial adversarial image for untargeted attack.
[2026-06-02 00:03:00,389][src.attacks.hop_skip_jump_tabular][INFO] - Found initial adversarial image for untargeted attack.
[2026-06-02 00:03:00,591][src.attacks.hop_skip_jump_tabular][INFO] - Found initial adversarial image for untargeted attack.
[2026-06-02 00:03:00,793][src.attacks.hop_skip_jump_tabular][INFO] - Found initial adversarial image for untargeted attack.
[2026-06-02 00:03:00,999][src.attacks.hop_skip_jump_tabular][INFO] - Found initial adversarial image for untargeted attack.
[2026-06-02 00:03:01,205][src.attacks.hop_skip_jump_tabular][INFO] - Found initial adversarial image for untargeted attack.
[2026-06-02 00:03:01,410][src.attacks.hop_skip_jump_tabular][INFO] - Found initial adversarial image for untargeted attack.
[2026-06-02 00:03:01,613][src.attacks.hop_skip_jump_tabular][INFO] - Found initial adversarial image for untargeted attack.
[2026-06-02 00:03:01,819][src.attacks.hop_skip_jump_tabular][INFO] - Found initial adversarial image for untargeted attack.
[2026-06-02 00:03:02,029][src.attacks.hop_skip_jump_tabular][INFO] - Found initial adversarial image for untargeted attack.
[2026-06-02 00:03:02,233][src.attacks.hop_skip_jump_tabular][INFO] - Found initial adversarial image for untargeted attack.
[2026-06-02 00:03:02,443][src.attacks.hop_skip_jump_tabular][INFO] - Found initial adversarial image for untargeted attack.
[2026-06-02 00:03:02,648][src.attacks.hop_skip_jump_tabular][INFO] - Found initial adversarial image for untargeted attack.
[2026-06-02 00:03:02,854][src.attacks.hop_skip_jump_tabular][INFO] - Found initial adversarial image for untargeted attack.
[2026-06-02 00:03:03,061][src.attacks.hop_skip_jump_tabular][INFO] - Found initial adversarial image for untargeted attack.
[2026-06-02 00:03:03,266][src.attacks.hop_skip_jump_tabular][INFO] - Found initial adversarial image for untargeted attack.
[2026-06-02 00:03:03,475][src.attacks.hop_skip_jump_tabular][INFO] - Found initial adversarial image for untargeted attack.
[2026-06-02 00:03:03,679][src.attacks.hop_skip_jump_tabular][INFO] - Found initial adversarial image for untargeted attack.
[2026-06-02 00:03:03,891][src.attacks.hop_skip_jump_tabular][INFO] - Found initial adversarial image for untargeted attack.
[2026-06-02 00:03:04,095][src.attacks.hop_skip_jump_tabular][INFO] - Found initial adversarial image for untargeted attack.
[2026-06-02 00:03:04,306][src.attacks.hop_skip_jump_tabular][INFO] - Found initial adversarial image for untargeted attack.
[2026-06-02 00:03:04,515][src.attacks.hop_skip_jump_tabular][INFO] - Found initial adversarial image for untargeted attack.
[2026-06-02 00:03:04,714][src.attacks.hop_skip_jump_tabular][INFO] - Found initial adversarial image for untargeted attack.
[2026-06-02 00:03:04,920][src.attacks.hop_skip_jump_tabular][INFO] - Found initial adversarial image for untargeted attack.
[2026-06-02 00:03:05,125][src.attacks.hop_skip_jump_tabular][INFO] - Found initial adversarial image for untargeted attack.
[2026-06-02 00:03:05,333][src.attacks.hop_skip_jump_tabular][INFO] - Found initial adversarial image for untargeted attack.
[2026-06-02 00:03:05,544][src.attacks.hop_skip_jump_tabular][INFO] - Found initial adversarial image for untargeted attack.
[2026-06-02 00:03:05,755][src.attacks.hop_skip_jump_tabular][INFO] - Found initial adversarial image for untargeted attack.
[2026-06-02 00:03:05,959][src.attacks.hop_skip_jump_tabular][INFO] - Found initial adversarial image for untargeted attack.
[2026-06-02 00:03:06,161][src.attacks.hop_skip_jump_tabular][INFO] - Found initial adversarial image for untargeted attack.
[2026-06-02 00:03:06,377][src.attacks.hop_skip_jump_tabular][INFO] - Found initial adversarial image for untargeted attack.
[2026-06-02 00:03:06,581][src.attacks.hop_skip_jump_tabular][INFO] - Found initial adversarial image for untargeted attack.
[2026-06-02 00:03:06,796][src.attacks.hop_skip_jump_tabular][INFO] - Found initial adversarial image for untargeted attack.
[2026-06-02 00:03:07,032][src.attacks.hop_skip_jump_tabular][INFO] - Found initial adversarial image for untargeted attack.
[2026-06-02 00:03:07,242][src.attacks.hop_skip_jump_tabular][INFO] - Found initial adversarial image for untargeted attack.
[2026-06-02 00:03:07,451][src.attacks.hop_skip_jump_tabular][INFO] - Found initial adversarial image for untargeted attack.
[2026-06-02 00:03:07,658][src.attacks.hop_skip_jump_tabular][INFO] - Found initial adversarial image for untargeted attack.
[2026-06-02 00:03:07,870][src.attacks.hop_skip_jump_tabular][INFO] - Found initial adversarial image for untargeted attack.
[2026-06-02 00:03:08,077][src.attacks.hop_skip_jump_tabular][INFO] - Found initial adversarial image for untargeted attack.
[2026-06-02 00:03:08,284][src.attacks.hop_skip_jump_tabular][INFO] - Found initial adversarial image for untargeted attack.
[2026-06-02 00:03:08,493][src.attacks.hop_skip_jump_tabular][INFO] - Found initial adversarial image for untargeted attack.
[2026-06-02 00:03:08,702][src.attacks.hop_skip_jump_tabular][INFO] - Found initial adversarial image for untargeted attack.
[2026-06-02 00:03:08,904][src.attacks.hop_skip_jump_tabular][INFO] - Found initial adversarial image for untargeted attack.
[2026-06-02 00:03:09,108][src.attacks.hop_skip_jump_tabular][INFO] - Found initial adversarial image for untargeted attack.
[2026-06-02 00:03:09,308][src.attacks.hop_skip_jump_tabular][INFO] - Found initial adversarial image for untargeted attack.
[2026-06-02 00:03:09,508][src.attacks.hop_skip_jump_tabular][INFO] - Found initial adversarial image for untargeted attack.
[2026-06-02 00:03:09,709][src.attacks.hop_skip_jump_tabular][INFO] - Found initial adversarial image for untargeted attack.
[2026-06-02 00:03:09,915][src.attacks.hop_skip_jump_tabular][INFO] - Found initial adversarial image for untargeted attack.
[2026-06-02 00:03:10,117][src.attacks.hop_skip_jump_tabular][INFO] - Found initial adversarial image for untargeted attack.
[2026-06-02 00:03:10,322][src.attacks.hop_skip_jump_tabular][INFO] - Found initial adversarial image for untargeted attack.
[2026-06-02 00:03:10,525][src.attacks.hop_skip_jump_tabular][INFO] - Found initial adversarial image for untargeted attack.
[2026-06-02 00:03:10,726][src.attacks.hop_skip_jump_tabular][INFO] - Found initial adversarial image for untargeted attack.
[2026-06-02 00:03:10,929][src.attacks.hop_skip_jump_tabular][INFO] - Found initial adversarial image for untargeted attack.
[2026-06-02 00:03:11,134][src.attacks.hop_skip_jump_tabular][INFO] - Found initial adversarial image for untargeted attack.
[2026-06-02 00:03:11,336][src.attacks.hop_skip_jump_tabular][INFO] - Found initial adversarial image for untargeted attack.
[2026-06-02 00:03:11,544][src.attacks.hop_skip_jump_tabular][INFO] - Found initial adversarial image for untargeted attack.
[2026-06-02 00:03:11,746][src.attacks.hop_skip_jump_tabular][INFO] - Found initial adversarial image for untargeted attack.
[2026-06-02 00:03:11,952][src.attacks.hop_skip_jump_tabular][INFO] - Found initial adversarial image for untargeted attack.
[2026-06-02 00:03:12,163][src.attacks.hop_skip_jump_tabular][INFO] - Found initial adversarial image for untargeted attack.
[2026-06-02 00:03:12,373][src.attacks.hop_skip_jump_tabular][INFO] - Found initial adversarial image for untargeted attack.
[2026-06-02 00:03:12,585][src.attacks.hop_skip_jump_tabular][INFO] - Found initial adversarial image for untargeted attack.
[2026-06-02 00:03:12,790][src.attacks.hop_skip_jump_tabular][INFO] - Found initial adversarial image for untargeted attack.
[2026-06-02 00:03:13,024][src.attacks.hop_skip_jump_tabular][INFO] - Found initial adversarial image for untargeted attack.
[2026-06-02 00:03:13,230][src.attacks.hop_skip_jump_tabular][INFO] - Found initial adversarial image for untargeted attack.
[2026-06-02 00:03:13,433][src.attacks.hop_skip_jump_tabular][INFO] - Found initial adversarial image for untargeted attack.
[2026-06-02 00:03:13,637][src.attacks.hop_skip_jump_tabular][INFO] - Found initial adversarial image for untargeted attack.
[2026-06-02 00:03:13,841][src.attacks.hop_skip_jump_tabular][INFO] - Found initial adversarial image for untargeted attack.
[2026-06-02 00:03:14,046][src.attacks.hop_skip_jump_tabular][INFO] - Found initial adversarial image for untargeted attack.
[2026-06-02 00:03:14,246][src.attacks.hop_skip_jump_tabular][INFO] - Found initial adversarial image for untargeted attack.
[2026-06-02 00:03:14,447][src.attacks.hop_skip_jump_tabular][INFO] - Found initial adversarial image for untargeted attack.
[2026-06-02 00:03:14,651][src.attacks.hop_skip_jump_tabular][INFO] - Found initial adversarial image for untargeted attack.
[2026-06-02 00:03:14,862][src.attacks.hop_skip_jump_tabular][INFO] - Found initial adversarial image for untargeted attack.
[2026-06-02 00:03:15,062][src.attacks.hop_skip_jump_tabular][INFO] - Found initial adversarial image for untargeted attack.
[2026-06-02 00:03:15,263][src.attacks.hop_skip_jump_tabular][INFO] - Found initial adversarial image for untargeted attack.
[2026-06-02 00:03:15,470][src.attacks.hop_skip_jump_tabular][INFO] - Found initial adversarial image for untargeted attack.
[2026-06-02 00:03:15,679][src.attacks.hop_skip_jump_tabular][INFO] - Found initial adversarial image for untargeted attack.
[2026-06-02 00:03:15,887][src.attacks.hop_skip_jump_tabular][INFO] - Found initial adversarial image for untargeted attack.
[2026-06-02 00:03:16,097][src.attacks.hop_skip_jump_tabular][INFO] - Found initial adversarial image for untargeted attack.
[2026-06-02 00:03:16,305][src.attacks.hop_skip_jump_tabular][INFO] - Found initial adversarial image for untargeted attack.
[2026-06-02 00:03:16,507][src.attacks.hop_skip_jump_tabular][INFO] - Found initial adversarial image for untargeted attack.
[2026-06-02 00:03:16,659][src.attacks.hop_skip_jump_tabular][INFO] - Found initial adversarial image for untargeted attack.
[2026-06-02 00:03:16,860][src.attacks.hop_skip_jump_tabular][INFO] - Found initial adversarial image for untargeted attack.
[2026-06-02 00:03:17,069][src.attacks.hop_skip_jump_tabular][INFO] - Found initial adversarial image for untargeted attack.
[2026-06-02 00:03:17,270][src.attacks.hop_skip_jump_tabular][INFO] - Found initial adversarial image for untargeted attack.
[2026-06-02 00:03:17,471][src.attacks.hop_skip_jump_tabular][INFO] - Found initial adversarial image for untargeted attack.
[2026-06-02 00:03:17,673][src.attacks.hop_skip_jump_tabular][INFO] - Found initial adversarial image for untargeted attack.
[2026-06-02 00:03:17,874][src.attacks.hop_skip_jump_tabular][INFO] - Found initial adversarial image for untargeted attack.
[2026-06-02 00:03:18,082][src.attacks.hop_skip_jump_tabular][INFO] - Found initial adversarial image for untargeted attack.
[2026-06-02 00:03:18,284][src.attacks.hop_skip_jump_tabular][INFO] - Found initial adversarial image for untargeted attack.
[2026-06-02 00:03:18,485][src.attacks.hop_skip_jump_tabular][INFO] - Found initial adversarial image for untargeted attack.
[2026-06-02 00:03:18,689][src.attacks.hop_skip_jump_tabular][INFO] - Found initial adversarial image for untargeted attack.
[2026-06-02 00:03:18,896][src.attacks.hop_skip_jump_tabular][INFO] - Found initial adversarial image for untargeted attack.
[2026-06-02 00:03:19,106][src.attacks.hop_skip_jump_tabular][INFO] - Found initial adversarial image for untargeted attack.
[2026-06-02 00:03:19,308][src.attacks.hop_skip_jump_tabular][INFO] - Found initial adversarial image for untargeted attack.
[2026-06-02 00:03:19,518][src.attacks.hop_skip_jump_tabular][INFO] - Found initial adversarial image for untargeted attack.
[2026-06-02 00:03:19,724][src.attacks.hop_skip_jump_tabular][INFO] - Found initial adversarial image for untargeted attack.
[2026-06-02 00:03:19,931][src.attacks.hop_skip_jump_tabular][INFO] - Found initial adversarial image for untargeted attack.
[2026-06-02 00:03:20,134][src.attacks.hop_skip_jump_tabular][INFO] - Found initial adversarial image for untargeted attack.
[2026-06-02 00:03:20,336][src.attacks.hop_skip_jump_tabular][INFO] - Found initial adversarial image for untargeted attack.
[2026-06-02 00:03:20,541][src.attacks.hop_skip_jump_tabular][INFO] - Found initial adversarial image for untargeted attack.
[2026-06-02 00:03:20,742][src.attacks.hop_skip_jump_tabular][INFO] - Found initial adversarial image for untargeted attack.
[2026-06-02 00:03:20,944][src.attacks.hop_skip_jump_tabular][INFO] - Found initial adversarial image for untargeted attack.
[2026-06-02 00:03:21,151][src.attacks.hop_skip_jump_tabular][INFO] - Found initial adversarial image for untargeted attack.
[2026-06-02 00:03:21,360][src.attacks.hop_skip_jump_tabular][INFO] - Found initial adversarial image for untargeted attack.
[2026-06-02 00:03:21,570][src.attacks.hop_skip_jump_tabular][INFO] - Found initial adversarial image for untargeted attack.
[2026-06-02 00:03:21,770][src.attacks.hop_skip_jump_tabular][INFO] - Found initial adversarial image for untargeted attack.
[2026-06-02 00:03:21,976][src.attacks.hop_skip_jump_tabular][INFO] - Found initial adversarial image for untargeted attack.
[2026-06-02 00:03:22,186][src.attacks.hop_skip_jump_tabular][INFO] - Found initial adversarial image for untargeted attack.
[2026-06-02 00:03:22,392][src.attacks.hop_skip_jump_tabular][INFO] - Found initial adversarial image for untargeted attack.
[2026-06-02 00:03:22,600][src.attacks.hop_skip_jump_tabular][INFO] - Found initial adversarial image for untargeted attack.
[2026-06-02 00:03:22,800][src.attacks.hop_skip_jump_tabular][INFO] - Found initial adversarial image for untargeted attack.
[2026-06-02 00:03:23,000][src.attacks.hop_skip_jump_tabular][INFO] - Found initial adversarial image for untargeted attack.
[2026-06-02 00:03:23,200][src.attacks.hop_skip_jump_tabular][INFO] - Found initial adversarial image for untargeted attack.
[2026-06-02 00:03:23,405][src.attacks.hop_skip_jump_tabular][INFO] - Found initial adversarial image for untargeted attack.
[2026-06-02 00:03:23,605][src.attacks.hop_skip_jump_tabular][INFO] - Found initial adversarial image for untargeted attack.
[2026-06-02 00:03:23,654][src.attacks.hop_skip_jump_tabular][INFO] - Found initial adversarial image for untargeted attack.
[2026-06-02 00:03:23,704][src.attacks.hop_skip_jump_tabular][INFO] - Found initial adversarial image for untargeted attack.
[2026-06-02 00:03:23,910][src.attacks.hop_skip_jump_tabular][INFO] - Found initial adversarial image for untargeted attack.
[2026-06-02 00:03:24,111][src.attacks.hop_skip_jump_tabular][INFO] - Found initial adversarial image for untargeted attack.
[2026-06-02 00:03:24,312][src.attacks.hop_skip_jump_tabular][INFO] - Found initial adversarial image for untargeted attack.
[2026-06-02 00:03:24,513][src.attacks.hop_skip_jump_tabular][INFO] - Found initial adversarial image for untargeted attack.
[2026-06-02 00:03:24,714][src.attacks.hop_skip_jump_tabular][INFO] - Found initial adversarial image for untargeted attack.
[2026-06-02 00:03:24,915][src.attacks.hop_skip_jump_tabular][INFO] - Found initial adversarial image for untargeted attack.
[2026-06-02 00:03:25,117][src.attacks.hop_skip_jump_tabular][INFO] - Found initial adversarial image for untargeted attack.
[2026-06-02 00:03:25,316][src.attacks.hop_skip_jump_tabular][INFO] - Found initial adversarial image for untargeted attack.
[2026-06-02 00:03:25,516][src.attacks.hop_skip_jump_tabular][INFO] - Found initial adversarial image for untargeted attack.
[2026-06-02 00:03:25,717][src.attacks.hop_skip_jump_tabular][INFO] - Found initial adversarial image for untargeted attack.
[2026-06-02 00:03:25,917][src.attacks.hop_skip_jump_tabular][INFO] - Found initial adversarial image for untargeted attack.
[2026-06-02 00:03:26,117][src.attacks.hop_skip_jump_tabular][INFO] - Found initial adversarial image for untargeted attack.
[2026-06-02 00:03:26,317][src.attacks.hop_skip_jump_tabular][INFO] - Found initial adversarial image for untargeted attack.
[2026-06-02 00:03:26,517][src.attacks.hop_skip_jump_tabular][INFO] - Found initial adversarial image for untargeted attack.
[2026-06-02 00:03:26,717][src.attacks.hop_skip_jump_tabular][INFO] - Found initial adversarial image for untargeted attack.
[2026-06-02 00:03:26,917][src.attacks.hop_skip_jump_tabular][INFO] - Found initial adversarial image for untargeted attack.
[2026-06-02 00:03:27,117][src.attacks.hop_skip_jump_tabular][INFO] - Found initial adversarial image for untargeted attack.
[2026-06-02 00:03:27,323][src.attacks.hop_skip_jump_tabular][INFO] - Found initial adversarial image for untargeted attack.
[2026-06-02 00:03:27,526][src.attacks.hop_skip_jump_tabular][INFO] - Found initial adversarial image for untargeted attack.
[2026-06-02 00:03:27,726][src.attacks.hop_skip_jump_tabular][INFO] - Found initial adversarial image for untargeted attack.
[2026-06-02 00:03:27,926][src.attacks.hop_skip_jump_tabular][INFO] - Found initial adversarial image for untargeted attack.
[2026-06-02 00:03:28,131][src.attacks.hop_skip_jump_tabular][INFO] - Found initial adversarial image for untargeted attack.
[2026-06-02 00:03:28,338][src.attacks.hop_skip_jump_tabular][INFO] - Found initial adversarial image for untargeted attack.
[2026-06-02 00:03:28,541][src.attacks.hop_skip_jump_tabular][INFO] - Found initial adversarial image for untargeted attack.
[2026-06-02 00:03:28,750][src.attacks.hop_skip_jump_tabular][INFO] - Found initial adversarial image for untargeted attack.
[2026-06-02 00:03:28,955][src.attacks.hop_skip_jump_tabular][INFO] - Found initial adversarial image for untargeted attack.
[2026-06-02 00:03:29,160][src.attacks.hop_skip_jump_tabular][INFO] - Found initial adversarial image for untargeted attack.
[2026-06-02 00:03:29,364][src.attacks.hop_skip_jump_tabular][INFO] - Found initial adversarial image for untargeted attack.
[2026-06-02 00:03:29,567][src.attacks.hop_skip_jump_tabular][INFO] - Found initial adversarial image for untargeted attack.
[2026-06-02 00:03:29,773][src.attacks.hop_skip_jump_tabular][INFO] - Found initial adversarial image for untargeted attack.
[2026-06-02 00:03:29,975][src.attacks.hop_skip_jump_tabular][INFO] - Found initial adversarial image for untargeted attack.
[2026-06-02 00:03:30,184][src.attacks.hop_skip_jump_tabular][INFO] - Found initial adversarial image for untargeted attack.
[2026-06-02 00:03:30,390][src.attacks.hop_skip_jump_tabular][INFO] - Found initial adversarial image for untargeted attack.
[2026-06-02 00:03:30,593][src.attacks.hop_skip_jump_tabular][INFO] - Found initial adversarial image for untargeted attack.
[2026-06-02 00:03:30,800][src.attacks.hop_skip_jump_tabular][INFO] - Found initial adversarial image for untargeted attack.
[2026-06-02 00:03:31,006][src.attacks.hop_skip_jump_tabular][INFO] - Found initial adversarial image for untargeted attack.
[2026-06-02 00:03:31,210][src.attacks.hop_skip_jump_tabular][INFO] - Found initial adversarial image for untargeted attack.
[2026-06-02 00:03:31,410][src.attacks.hop_skip_jump_tabular][INFO] - Found initial adversarial image for untargeted attack.
[2026-06-02 00:03:31,608][src.attacks.hop_skip_jump_tabular][INFO] - Found initial adversarial image for untargeted attack.
[2026-06-02 00:03:31,807][src.attacks.hop_skip_jump_tabular][INFO] - Found initial adversarial image for untargeted attack.
[2026-06-02 00:03:32,006][src.attacks.hop_skip_jump_tabular][INFO] - Found initial adversarial image for untargeted attack.
[2026-06-02 00:03:32,205][src.attacks.hop_skip_jump_tabular][INFO] - Found initial adversarial image for untargeted attack.
[2026-06-02 00:03:32,410][src.attacks.hop_skip_jump_tabular][INFO] - Found initial adversarial image for untargeted attack.
[2026-06-02 00:03:32,609][src.attacks.hop_skip_jump_tabular][INFO] - Found initial adversarial image for untargeted attack.
[2026-06-02 00:03:32,808][src.attacks.hop_skip_jump_tabular][INFO] - Found initial adversarial image for untargeted attack.
[2026-06-02 00:03:33,007][src.attacks.hop_skip_jump_tabular][INFO] - Found initial adversarial image for untargeted attack.
[2026-06-02 00:03:33,206][src.attacks.hop_skip_jump_tabular][INFO] - Found initial adversarial image for untargeted attack.
[2026-06-02 00:03:33,405][src.attacks.hop_skip_jump_tabular][INFO] - Found initial adversarial image for untargeted attack.
[2026-06-02 00:03:33,607][src.attacks.hop_skip_jump_tabular][INFO] - Found initial adversarial image for untargeted attack.
[2026-06-02 00:03:33,805][src.attacks.hop_skip_jump_tabular][INFO] - Found initial adversarial image for untargeted attack.
[2026-06-02 00:03:34,003][src.attacks.hop_skip_jump_tabular][INFO] - Found initial adversarial image for untargeted attack.
[2026-06-02 00:03:34,202][src.attacks.hop_skip_jump_tabular][INFO] - Found initial adversarial image for untargeted attack.
[2026-06-02 00:03:34,403][src.attacks.hop_skip_jump_tabular][INFO] - Found initial adversarial image for untargeted attack.
[2026-06-02 00:03:34,606][src.attacks.hop_skip_jump_tabular][INFO] - Found initial adversarial image for untargeted attack.
[2026-06-02 00:03:34,805][src.attacks.hop_skip_jump_tabular][INFO] - Found initial adversarial image for untargeted attack.
[2026-06-02 00:03:35,004][src.attacks.hop_skip_jump_tabular][INFO] - Found initial adversarial image for untargeted attack.
[2026-06-02 00:03:35,205][src.attacks.hop_skip_jump_tabular][INFO] - Found initial adversarial image for untargeted attack.
[2026-06-02 00:03:35,409][src.attacks.hop_skip_jump_tabular][INFO] - Found initial adversarial image for untargeted attack.
[2026-06-02 00:03:35,609][src.attacks.hop_skip_jump_tabular][INFO] - Found initial adversarial image for untargeted attack.
[2026-06-02 00:03:35,809][src.attacks.hop_skip_jump_tabular][INFO] - Found initial adversarial image for untargeted attack.
[2026-06-02 00:03:36,010][src.attacks.hop_skip_jump_tabular][INFO] - Found initial adversarial image for untargeted attack.
[2026-06-02 00:03:36,210][src.attacks.hop_skip_jump_tabular][INFO] - Found initial adversarial image for untargeted attack.
[2026-06-02 00:03:36,410][src.attacks.hop_skip_jump_tabular][INFO] - Found initial adversarial image for untargeted attack.
[2026-06-02 00:03:36,610][src.attacks.hop_skip_jump_tabular][INFO] - Found initial adversarial image for untargeted attack.
[2026-06-02 00:03:36,809][src.attacks.hop_skip_jump_tabular][INFO] - Found initial adversarial image for untargeted attack.
[2026-06-02 00:03:37,017][src.attacks.hop_skip_jump_tabular][INFO] - Found initial adversarial image for untargeted attack.
[2026-06-02 00:03:37,219][src.attacks.hop_skip_jump_tabular][INFO] - Found initial adversarial image for untargeted attack.
[2026-06-02 00:03:37,423][src.attacks.hop_skip_jump_tabular][INFO] - Found initial adversarial image for untargeted attack.
[2026-06-02 00:03:37,622][src.attacks.hop_skip_jump_tabular][INFO] - Found initial adversarial image for untargeted attack.
[2026-06-02 00:03:37,819][src.attacks.hop_skip_jump_tabular][INFO] - Found initial adversarial image for untargeted attack.
[2026-06-02 00:03:38,017][src.attacks.hop_skip_jump_tabular][INFO] - Found initial adversarial image for untargeted attack.
[2026-06-02 00:03:38,220][src.attacks.hop_skip_jump_tabular][INFO] - Found initial adversarial image for untargeted attack.
[2026-06-02 00:03:38,418][src.attacks.hop_skip_jump_tabular][INFO] - Found initial adversarial image for untargeted attack.
[2026-06-02 00:03:38,617][src.attacks.hop_skip_jump_tabular][INFO] - Found initial adversarial image for untargeted attack.
[2026-06-02 00:03:38,815][src.attacks.hop_skip_jump_tabular][INFO] - Found initial adversarial image for untargeted attack.
[2026-06-02 00:03:39,014][src.attacks.hop_skip_jump_tabular][INFO] - Found initial adversarial image for untargeted attack.
[2026-06-02 00:03:39,214][src.attacks.hop_skip_jump_tabular][INFO] - Found initial adversarial image for untargeted attack.
[2026-06-02 00:03:39,414][src.attacks.hop_skip_jump_tabular][INFO] - Found initial adversarial image for untargeted attack.
[2026-06-02 00:03:39,618][src.attacks.hop_skip_jump_tabular][INFO] - Found initial adversarial image for untargeted attack.
[2026-06-02 00:03:39,817][src.attacks.hop_skip_jump_tabular][INFO] - Found initial adversarial image for untargeted attack.
[2026-06-02 00:03:40,020][src.attacks.hop_skip_jump_tabular][INFO] - Found initial adversarial image for untargeted attack.
[2026-06-02 00:03:40,220][src.attacks.hop_skip_jump_tabular][INFO] - Found initial adversarial image for untargeted attack.
[2026-06-02 00:03:40,420][src.attacks.hop_skip_jump_tabular][INFO] - Found initial adversarial image for untargeted attack.
[2026-06-02 00:03:40,618][src.attacks.hop_skip_jump_tabular][INFO] - Found initial adversarial image for untargeted attack.
[2026-06-02 00:03:40,817][src.attacks.hop_skip_jump_tabular][INFO] - Found initial adversarial image for untargeted attack.
[2026-06-02 00:03:41,020][src.attacks.hop_skip_jump_tabular][INFO] - Found initial adversarial image for untargeted attack.
[2026-06-02 00:03:41,225][src.attacks.hop_skip_jump_tabular][INFO] - Found initial adversarial image for untargeted attack.
[2026-06-02 00:03:41,428][src.attacks.hop_skip_jump_tabular][INFO] - Found initial adversarial image for untargeted attack.
[2026-06-02 00:03:41,627][src.attacks.hop_skip_jump_tabular][INFO] - Found initial adversarial image for untargeted attack.
[2026-06-02 00:03:41,826][src.attacks.hop_skip_jump_tabular][INFO] - Found initial adversarial image for untargeted attack.
[2026-06-02 00:03:42,025][src.attacks.hop_skip_jump_tabular][INFO] - Found initial adversarial image for untargeted attack.
[2026-06-02 00:03:42,224][src.attacks.hop_skip_jump_tabular][INFO] - Found initial adversarial image for untargeted attack.
[2026-06-02 00:03:42,429][src.attacks.hop_skip_jump_tabular][INFO] - Found initial adversarial image for untargeted attack.
[2026-06-02 00:03:42,628][src.attacks.hop_skip_jump_tabular][INFO] - Found initial adversarial image for untargeted attack.
[2026-06-02 00:03:42,828][src.attacks.hop_skip_jump_tabular][INFO] - Found initial adversarial image for untargeted attack.
[2026-06-02 00:03:43,026][src.attacks.hop_skip_jump_tabular][INFO] - Found initial adversarial image for untargeted attack.
[2026-06-02 00:03:43,226][src.attacks.hop_skip_jump_tabular][INFO] - Found initial adversarial image for untargeted attack.
[2026-06-02 00:03:43,424][src.attacks.hop_skip_jump_tabular][INFO] - Found initial adversarial image for untargeted attack.
[2026-06-02 00:03:43,659][src.attacks.hop_skip_jump_tabular][INFO] - Found initial adversarial image for untargeted attack.
[2026-06-02 00:03:43,869][src.attacks.hop_skip_jump_tabular][INFO] - Found initial adversarial image for untargeted attack.
[2026-06-02 00:03:44,074][src.attacks.hop_skip_jump_tabular][INFO] - Found initial adversarial image for untargeted attack.
[2026-06-02 00:03:44,276][src.attacks.hop_skip_jump_tabular][INFO] - Found initial adversarial image for untargeted attack.
[2026-06-02 00:03:44,477][src.attacks.hop_skip_jump_tabular][INFO] - Found initial adversarial image for untargeted attack.
[2026-06-02 00:03:44,676][src.attacks.hop_skip_jump_tabular][INFO] - Found initial adversarial image for untargeted attack.
[2026-06-02 00:03:44,876][src.attacks.hop_skip_jump_tabular][INFO] - Found initial adversarial image for untargeted attack.
[2026-06-02 00:03:45,083][src.attacks.hop_skip_jump_tabular][INFO] - Found initial adversarial image for untargeted attack.
[2026-06-02 00:03:45,284][src.attacks.hop_skip_jump_tabular][INFO] - Found initial adversarial image for untargeted attack.
[2026-06-02 00:03:45,488][src.attacks.hop_skip_jump_tabular][INFO] - Found initial adversarial image for untargeted attack.
[2026-06-02 00:03:45,690][src.attacks.hop_skip_jump_tabular][INFO] - Found initial adversarial image for untargeted attack.
[2026-06-02 00:03:45,899][src.attacks.hop_skip_jump_tabular][INFO] - Found initial adversarial image for untargeted attack.
[2026-06-02 00:03:46,101][src.attacks.hop_skip_jump_tabular][INFO] - Found initial adversarial image for untargeted attack.
[2026-06-02 00:03:46,300][src.attacks.hop_skip_jump_tabular][INFO] - Found initial adversarial image for untargeted attack.
[2026-06-02 00:03:46,500][src.attacks.hop_skip_jump_tabular][INFO] - Found initial adversarial image for untargeted attack.
[2026-06-02 00:03:46,699][src.attacks.hop_skip_jump_tabular][INFO] - Found initial adversarial image for untargeted attack.
[2026-06-02 00:03:46,932][src.attacks.hop_skip_jump_tabular][INFO] - Found initial adversarial image for untargeted attack.
[2026-06-02 00:03:47,132][src.attacks.hop_skip_jump_tabular][INFO] - Found initial adversarial image for untargeted attack.
[2026-06-02 00:03:47,331][src.attacks.hop_skip_jump_tabular][INFO] - Found initial adversarial image for untargeted attack.
[2026-06-02 00:03:47,530][src.attacks.hop_skip_jump_tabular][INFO] - Found initial adversarial image for untargeted attack.
[2026-06-02 00:03:47,732][src.attacks.hop_skip_jump_tabular][INFO] - Found initial adversarial image for untargeted attack.
[2026-06-02 00:03:47,941][src.attacks.hop_skip_jump_tabular][INFO] - Found initial adversarial image for untargeted attack.
[2026-06-02 00:03:48,146][src.attacks.hop_skip_jump_tabular][INFO] - Found initial adversarial image for untargeted attack.
[2026-06-02 00:03:48,356][src.attacks.hop_skip_jump_tabular][INFO] - Found initial adversarial image for untargeted attack.
[2026-06-02 00:03:48,558][src.attacks.hop_skip_jump_tabular][INFO] - Found initial adversarial image for untargeted attack.
[2026-06-02 00:03:48,758][src.attacks.hop_skip_jump_tabular][INFO] - Found initial adversarial image for untargeted attack.
[2026-06-02 00:03:48,959][src.attacks.hop_skip_jump_tabular][INFO] - Found initial adversarial image for untargeted attack.
[2026-06-02 00:03:49,158][src.attacks.hop_skip_jump_tabular][INFO] - Found initial adversarial image for untargeted attack.
[2026-06-02 00:03:49,358][src.attacks.hop_skip_jump_tabular][INFO] - Found initial adversarial image for untargeted attack.
[2026-06-02 00:03:49,558][src.attacks.hop_skip_jump_tabular][INFO] - Found initial adversarial image for untargeted attack.
[2026-06-02 00:03:49,757][src.attacks.hop_skip_jump_tabular][INFO] - Found initial adversarial image for untargeted attack.
[2026-06-02 00:03:49,957][src.attacks.hop_skip_jump_tabular][INFO] - Found initial adversarial image for untargeted attack.
[2026-06-02 00:03:50,157][src.attacks.hop_skip_jump_tabular][INFO] - Found initial adversarial image for untargeted attack.
[2026-06-02 00:03:50,361][src.attacks.hop_skip_jump_tabular][INFO] - Found initial adversarial image for untargeted attack.
[2026-06-02 00:03:50,574][src.attacks.hop_skip_jump_tabular][INFO] - Found initial adversarial image for untargeted attack.
[2026-06-02 00:03:50,773][src.attacks.hop_skip_jump_tabular][INFO] - Found initial adversarial image for untargeted attack.
[2026-06-02 00:03:50,972][src.attacks.hop_skip_jump_tabular][INFO] - Found initial adversarial image for untargeted attack.
[2026-06-02 00:03:51,172][src.attacks.hop_skip_jump_tabular][INFO] - Found initial adversarial image for untargeted attack.
[2026-06-02 00:03:51,371][src.attacks.hop_skip_jump_tabular][INFO] - Found initial adversarial image for untargeted attack.
[2026-06-02 00:03:51,571][src.attacks.hop_skip_jump_tabular][INFO] - Found initial adversarial image for untargeted attack.
[2026-06-02 00:03:51,770][src.attacks.hop_skip_jump_tabular][INFO] - Found initial adversarial image for untargeted attack.
[2026-06-02 00:03:51,968][src.attacks.hop_skip_jump_tabular][INFO] - Found initial adversarial image for untargeted attack.
[2026-06-02 00:03:52,167][src.attacks.hop_skip_jump_tabular][INFO] - Found initial adversarial image for untargeted attack.
[2026-06-02 00:03:52,367][src.attacks.hop_skip_jump_tabular][INFO] - Found initial adversarial image for untargeted attack.
[2026-06-02 00:03:52,569][src.attacks.hop_skip_jump_tabular][INFO] - Found initial adversarial image for untargeted attack.
[2026-06-02 00:03:52,771][src.attacks.hop_skip_jump_tabular][INFO] - Found initial adversarial image for untargeted attack.
[2026-06-02 00:03:52,971][src.attacks.hop_skip_jump_tabular][INFO] - Found initial adversarial image for untargeted attack.
[2026-06-02 00:03:53,170][src.attacks.hop_skip_jump_tabular][INFO] - Found initial adversarial image for untargeted attack.
[2026-06-02 00:03:53,369][src.attacks.hop_skip_jump_tabular][INFO] - Found initial adversarial image for untargeted attack.
[2026-06-02 00:03:53,568][src.attacks.hop_skip_jump_tabular][INFO] - Found initial adversarial image for untargeted attack.
[2026-06-02 00:03:53,770][src.attacks.hop_skip_jump_tabular][INFO] - Found initial adversarial image for untargeted attack.
[2026-06-02 00:03:53,971][src.attacks.hop_skip_jump_tabular][INFO] - Found initial adversarial image for untargeted attack.
[2026-06-02 00:03:54,170][src.attacks.hop_skip_jump_tabular][INFO] - Found initial adversarial image for untargeted attack.
[2026-06-02 00:03:54,370][src.attacks.hop_skip_jump_tabular][INFO] - Found initial adversarial image for untargeted attack.
[2026-06-02 00:03:54,573][src.attacks.hop_skip_jump_tabular][INFO] - Found initial adversarial image for untargeted attack.
[2026-06-02 00:03:54,774][src.attacks.hop_skip_jump_tabular][INFO] - Found initial adversarial image for untargeted attack.
[2026-06-02 00:03:54,981][src.attacks.hop_skip_jump_tabular][INFO] - Found initial adversarial image for untargeted attack.
[2026-06-02 00:03:55,183][src.attacks.hop_skip_jump_tabular][INFO] - Found initial adversarial image for untargeted attack.
[2026-06-02 00:03:55,390][src.attacks.hop_skip_jump_tabular][INFO] - Found initial adversarial image for untargeted attack.
[2026-06-02 00:03:55,598][src.attacks.hop_skip_jump_tabular][INFO] - Found initial adversarial image for untargeted attack.
[2026-06-02 00:03:55,813][src.attacks.hop_skip_jump_tabular][INFO] - Found initial adversarial image for untargeted attack.
[2026-06-02 00:03:56,025][src.attacks.hop_skip_jump_tabular][INFO] - Found initial adversarial image for untargeted attack.
[2026-06-02 00:03:56,232][src.attacks.hop_skip_jump_tabular][INFO] - Found initial adversarial image for untargeted attack.
[2026-06-02 00:03:56,447][src.attacks.hop_skip_jump_tabular][INFO] - Found initial adversarial image for untargeted attack.
[2026-06-02 00:03:56,659][src.attacks.hop_skip_jump_tabular][INFO] - Found initial adversarial image for untargeted attack.
[2026-06-02 00:03:56,871][src.attacks.hop_skip_jump_tabular][INFO] - Found initial adversarial image for untargeted attack.
[2026-06-02 00:03:57,080][src.attacks.hop_skip_jump_tabular][INFO] - Found initial adversarial image for untargeted attack.
[2026-06-02 00:03:57,288][src.attacks.hop_skip_jump_tabular][INFO] - Found initial adversarial image for untargeted attack.
[2026-06-02 00:03:57,497][src.attacks.hop_skip_jump_tabular][INFO] - Found initial adversarial image for untargeted attack.
[2026-06-02 00:03:57,701][src.attacks.hop_skip_jump_tabular][INFO] - Found initial adversarial image for untargeted attack.
[2026-06-02 00:03:57,906][src.attacks.hop_skip_jump_tabular][INFO] - Found initial adversarial image for untargeted attack.
[2026-06-02 00:03:58,115][src.attacks.hop_skip_jump_tabular][INFO] - Found initial adversarial image for untargeted attack.
[2026-06-02 00:03:58,322][src.attacks.hop_skip_jump_tabular][INFO] - Found initial adversarial image for untargeted attack.
[2026-06-02 00:03:58,524][src.attacks.hop_skip_jump_tabular][INFO] - Found initial adversarial image for untargeted attack.
[2026-06-02 00:03:58,726][src.attacks.hop_skip_jump_tabular][INFO] - Found initial adversarial image for untargeted attack.
[2026-06-02 00:03:58,931][src.attacks.hop_skip_jump_tabular][INFO] - Found initial adversarial image for untargeted attack.
[2026-06-02 00:03:59,134][src.attacks.hop_skip_jump_tabular][INFO] - Found initial adversarial image for untargeted attack.
[2026-06-02 00:03:59,333][src.attacks.hop_skip_jump_tabular][INFO] - Found initial adversarial image for untargeted attack.
[2026-06-02 00:03:59,533][src.attacks.hop_skip_jump_tabular][INFO] - Found initial adversarial image for untargeted attack.
[2026-06-02 00:03:59,736][src.attacks.hop_skip_jump_tabular][INFO] - Found initial adversarial image for untargeted attack.
[2026-06-02 00:03:59,938][src.attacks.hop_skip_jump_tabular][INFO] - Found initial adversarial image for untargeted attack.
[2026-06-02 00:04:00,139][src.attacks.hop_skip_jump_tabular][INFO] - Found initial adversarial image for untargeted attack.
[2026-06-02 00:04:00,339][src.attacks.hop_skip_jump_tabular][INFO] - Found initial adversarial image for untargeted attack.
[2026-06-02 00:04:00,545][src.attacks.hop_skip_jump_tabular][INFO] - Found initial adversarial image for untargeted attack.
[2026-06-02 00:04:00,745][src.attacks.hop_skip_jump_tabular][INFO] - Found initial adversarial image for untargeted attack.
[2026-06-02 00:04:00,951][src.attacks.hop_skip_jump_tabular][INFO] - Found initial adversarial image for untargeted attack.
[2026-06-02 00:04:01,152][src.attacks.hop_skip_jump_tabular][INFO] - Found initial adversarial image for untargeted attack.
[2026-06-02 00:04:01,354][src.attacks.hop_skip_jump_tabular][INFO] - Found initial adversarial image for untargeted attack.
[2026-06-02 00:04:01,555][src.attacks.hop_skip_jump_tabular][INFO] - Found initial adversarial image for untargeted attack.
[2026-06-02 00:04:01,757][src.attacks.hop_skip_jump_tabular][INFO] - Found initial adversarial image for untargeted attack.
[2026-06-02 00:04:01,960][src.attacks.hop_skip_jump_tabular][INFO] - Found initial adversarial image for untargeted attack.
[2026-06-02 00:04:02,164][src.attacks.hop_skip_jump_tabular][INFO] - Found initial adversarial image for untargeted attack.
[2026-06-02 00:04:02,364][src.attacks.hop_skip_jump_tabular][INFO] - Found initial adversarial image for untargeted attack.
[2026-06-02 00:04:02,567][src.attacks.hop_skip_jump_tabular][INFO] - Found initial adversarial image for untargeted attack.
[2026-06-02 00:04:02,618][src.attacks.hop_skip_jump_tabular][INFO] - Found initial adversarial image for untargeted attack.
[2026-06-02 00:04:02,820][src.attacks.hop_skip_jump_tabular][INFO] - Found initial adversarial image for untargeted attack.
[2026-06-02 00:04:03,031][src.attacks.hop_skip_jump_tabular][INFO] - Found initial adversarial image for untargeted attack.
[2026-06-02 00:04:03,232][src.attacks.hop_skip_jump_tabular][INFO] - Found initial adversarial image for untargeted attack.
[2026-06-02 00:04:03,431][src.attacks.hop_skip_jump_tabular][INFO] - Found initial adversarial image for untargeted attack.
[2026-06-02 00:04:03,632][src.attacks.hop_skip_jump_tabular][INFO] - Found initial adversarial image for untargeted attack.
[2026-06-02 00:04:03,830][src.attacks.hop_skip_jump_tabular][INFO] - Found initial adversarial image for untargeted attack.
[2026-06-02 00:04:04,036][src.attacks.hop_skip_jump_tabular][INFO] - Found initial adversarial image for untargeted attack.
[2026-06-02 00:04:04,238][src.attacks.hop_skip_jump_tabular][INFO] - Found initial adversarial image for untargeted attack.
[2026-06-02 00:04:04,449][src.attacks.hop_skip_jump_tabular][INFO] - Found initial adversarial image for untargeted attack.
[2026-06-02 00:04:04,651][src.attacks.hop_skip_jump_tabular][INFO] - Found initial adversarial image for untargeted attack.
[2026-06-02 00:04:04,853][src.attacks.hop_skip_jump_tabular][INFO] - Found initial adversarial image for untargeted attack.
[2026-06-02 00:04:05,058][src.attacks.hop_skip_jump_tabular][INFO] - Found initial adversarial image for untargeted attack.
[2026-06-02 00:04:05,257][src.attacks.hop_skip_jump_tabular][INFO] - Found initial adversarial image for untargeted attack.
[2026-06-02 00:04:05,461][src.attacks.hop_skip_jump_tabular][INFO] - Found initial adversarial image for untargeted attack.
[2026-06-02 00:04:05,664][src.attacks.hop_skip_jump_tabular][INFO] - Found initial adversarial image for untargeted attack.
[2026-06-02 00:04:05,871][src.attacks.hop_skip_jump_tabular][INFO] - Found initial adversarial image for untargeted attack.
[2026-06-02 00:04:06,074][src.attacks.hop_skip_jump_tabular][INFO] - Found initial adversarial image for untargeted attack.
[2026-06-02 00:04:06,278][src.attacks.hop_skip_jump_tabular][INFO] - Found initial adversarial image for untargeted attack.
[2026-06-02 00:04:06,479][src.attacks.hop_skip_jump_tabular][INFO] - Found initial adversarial image for untargeted attack.
[2026-06-02 00:04:06,680][src.attacks.hop_skip_jump_tabular][INFO] - Found initial adversarial image for untargeted attack.
[2026-06-02 00:04:06,882][src.attacks.hop_skip_jump_tabular][INFO] - Found initial adversarial image for untargeted attack.
[2026-06-02 00:04:07,083][src.attacks.hop_skip_jump_tabular][INFO] - Found initial adversarial image for untargeted attack.
[2026-06-02 00:04:07,285][src.attacks.hop_skip_jump_tabular][INFO] - Found initial adversarial image for untargeted attack.
[2026-06-02 00:04:07,488][src.attacks.hop_skip_jump_tabular][INFO] - Found initial adversarial image for untargeted attack.
[2026-06-02 00:04:07,687][src.attacks.hop_skip_jump_tabular][INFO] - Found initial adversarial image for untargeted attack.
[2026-06-02 00:04:07,886][src.attacks.hop_skip_jump_tabular][INFO] - Found initial adversarial image for untargeted attack.
[2026-06-02 00:04:08,088][src.attacks.hop_skip_jump_tabular][INFO] - Found initial adversarial image for untargeted attack.
[2026-06-02 00:04:08,291][src.attacks.hop_skip_jump_tabular][INFO] - Found initial adversarial image for untargeted attack.
[2026-06-02 00:04:08,491][src.attacks.hop_skip_jump_tabular][INFO] - Found initial adversarial image for untargeted attack.
[2026-06-02 00:04:08,692][src.attacks.hop_skip_jump_tabular][INFO] - Found initial adversarial image for untargeted attack.
[2026-06-02 00:04:08,894][src.attacks.hop_skip_jump_tabular][INFO] - Found initial adversarial image for untargeted attack.
[2026-06-02 00:04:09,097][src.attacks.hop_skip_jump_tabular][INFO] - Found initial adversarial image for untargeted attack.
[2026-06-02 00:04:09,299][src.attacks.hop_skip_jump_tabular][INFO] - Found initial adversarial image for untargeted attack.
[2026-06-02 00:04:09,502][src.attacks.hop_skip_jump_tabular][INFO] - Found initial adversarial image for untargeted attack.
[2026-06-02 00:04:09,705][src.attacks.hop_skip_jump_tabular][INFO] - Found initial adversarial image for untargeted attack.
[2026-06-02 00:04:09,905][src.attacks.hop_skip_jump_tabular][INFO] - Found initial adversarial image for untargeted attack.
[2026-06-02 00:04:10,108][src.attacks.hop_skip_jump_tabular][INFO] - Found initial adversarial image for untargeted attack.
[2026-06-02 00:04:10,311][src.attacks.hop_skip_jump_tabular][INFO] - Found initial adversarial image for untargeted attack.
[2026-06-02 00:04:10,511][src.attacks.hop_skip_jump_tabular][INFO] - Found initial adversarial image for untargeted attack.
[2026-06-02 00:04:10,710][src.attacks.hop_skip_jump_tabular][INFO] - Found initial adversarial image for untargeted attack.
[2026-06-02 00:04:10,911][src.attacks.hop_skip_jump_tabular][INFO] - Found initial adversarial image for untargeted attack.
[2026-06-02 00:04:11,116][src.attacks.hop_skip_jump_tabular][INFO] - Found initial adversarial image for untargeted attack.
[2026-06-02 00:04:11,315][src.attacks.hop_skip_jump_tabular][INFO] - Found initial adversarial image for untargeted attack.
[2026-06-02 00:04:11,513][src.attacks.hop_skip_jump_tabular][INFO] - Found initial adversarial image for untargeted attack.
[2026-06-02 00:04:11,718][src.attacks.hop_skip_jump_tabular][INFO] - Found initial adversarial image for untargeted attack.
[2026-06-02 00:04:11,921][src.attacks.hop_skip_jump_tabular][INFO] - Found initial adversarial image for untargeted attack.
[2026-06-02 00:04:12,123][src.attacks.hop_skip_jump_tabular][INFO] - Found initial adversarial image for untargeted attack.
[2026-06-02 00:04:12,327][src.attacks.hop_skip_jump_tabular][INFO] - Found initial adversarial image for untargeted attack.
[2026-06-02 00:04:12,530][src.attacks.hop_skip_jump_tabular][INFO] - Found initial adversarial image for untargeted attack.
[2026-06-02 00:04:12,731][src.attacks.hop_skip_jump_tabular][INFO] - Found initial adversarial image for untargeted attack.
[2026-06-02 00:04:12,930][src.attacks.hop_skip_jump_tabular][INFO] - Found initial adversarial image for untargeted attack.
[2026-06-02 00:04:13,134][src.attacks.hop_skip_jump_tabular][INFO] - Found initial adversarial image for untargeted attack.
[2026-06-02 00:04:13,332][src.attacks.hop_skip_jump_tabular][INFO] - Found initial adversarial image for untargeted attack.
[2026-06-02 00:04:13,531][src.attacks.hop_skip_jump_tabular][INFO] - Found initial adversarial image for untargeted attack.
[2026-06-02 00:04:13,734][src.attacks.hop_skip_jump_tabular][INFO] - Found initial adversarial image for untargeted attack.
[2026-06-02 00:04:13,940][src.attacks.hop_skip_jump_tabular][INFO] - Found initial adversarial image for untargeted attack.
[2026-06-02 00:04:14,143][src.attacks.hop_skip_jump_tabular][INFO] - Found initial adversarial image for untargeted attack.
[2026-06-02 00:04:14,342][src.attacks.hop_skip_jump_tabular][INFO] - Found initial adversarial image for untargeted attack.
[2026-06-02 00:04:14,547][src.attacks.hop_skip_jump_tabular][INFO] - Found initial adversarial image for untargeted attack.
[2026-06-02 00:04:14,747][src.attacks.hop_skip_jump_tabular][INFO] - Found initial adversarial image for untargeted attack.
[2026-06-02 00:04:14,946][src.attacks.hop_skip_jump_tabular][INFO] - Found initial adversarial image for untargeted attack.
[2026-06-02 00:04:15,150][src.attacks.hop_skip_jump_tabular][INFO] - Found initial adversarial image for untargeted attack.
[2026-06-02 00:04:15,348][src.attacks.hop_skip_jump_tabular][INFO] - Found initial adversarial image for untargeted attack.
[2026-06-02 00:04:15,547][src.attacks.hop_skip_jump_tabular][INFO] - Found initial adversarial image for untargeted attack.
[2026-06-02 00:04:15,751][src.attacks.hop_skip_jump_tabular][INFO] - Found initial adversarial image for untargeted attack.
[2026-06-02 00:04:15,955][src.attacks.hop_skip_jump_tabular][INFO] - Found initial adversarial image for untargeted attack.
[2026-06-02 00:04:16,180][src.attacks.hop_skip_jump_tabular][INFO] - Found initial adversarial image for untargeted attack.
[2026-06-02 00:04:16,382][src.attacks.hop_skip_jump_tabular][INFO] - Found initial adversarial image for untargeted attack.
[2026-06-02 00:04:16,582][src.attacks.hop_skip_jump_tabular][INFO] - Found initial adversarial image for untargeted attack.
[2026-06-02 00:04:16,784][src.attacks.hop_skip_jump_tabular][INFO] - Found initial adversarial image for untargeted attack.
[2026-06-02 00:04:16,985][src.attacks.hop_skip_jump_tabular][INFO] - Found initial adversarial image for untargeted attack.
[2026-06-02 00:04:17,187][src.attacks.hop_skip_jump_tabular][INFO] - Found initial adversarial image for untargeted attack.
[2026-06-02 00:04:17,390][src.attacks.hop_skip_jump_tabular][INFO] - Found initial adversarial image for untargeted attack.
[2026-06-02 00:04:17,594][src.attacks.hop_skip_jump_tabular][INFO] - Found initial adversarial image for untargeted attack.
[2026-06-02 00:04:17,798][src.attacks.hop_skip_jump_tabular][INFO] - Found initial adversarial image for untargeted attack.
[2026-06-02 00:04:18,011][src.attacks.hop_skip_jump_tabular][INFO] - Found initial adversarial image for untargeted attack.
[2026-06-02 00:04:18,252][src.attacks.hop_skip_jump_tabular][INFO] - Found initial adversarial image for untargeted attack.
[2026-06-02 00:04:18,469][src.attacks.hop_skip_jump_tabular][INFO] - Found initial adversarial image for untargeted attack.
[2026-06-02 00:04:18,675][src.attacks.hop_skip_jump_tabular][INFO] - Found initial adversarial image for untargeted attack.
[2026-06-02 00:04:18,878][src.attacks.hop_skip_jump_tabular][INFO] - Found initial adversarial image for untargeted attack.
[2026-06-02 00:04:19,080][src.attacks.hop_skip_jump_tabular][INFO] - Found initial adversarial image for untargeted attack.
[2026-06-02 00:04:19,282][src.attacks.hop_skip_jump_tabular][INFO] - Found initial adversarial image for untargeted attack.
[2026-06-02 00:04:19,485][src.attacks.hop_skip_jump_tabular][INFO] - Found initial adversarial image for untargeted attack.
[2026-06-02 00:04:19,688][src.attacks.hop_skip_jump_tabular][INFO] - Found initial adversarial image for untargeted attack.
[2026-06-02 00:04:19,888][src.attacks.hop_skip_jump_tabular][INFO] - Found initial adversarial image for untargeted attack.
[2026-06-02 00:04:20,096][src.attacks.hop_skip_jump_tabular][INFO] - Found initial adversarial image for untargeted attack.
[2026-06-02 00:04:20,299][src.attacks.hop_skip_jump_tabular][INFO] - Found initial adversarial image for untargeted attack.
[2026-06-02 00:04:20,501][src.attacks.hop_skip_jump_tabular][INFO] - Found initial adversarial image for untargeted attack.
[2026-06-02 00:04:20,739][src.attacks.hop_skip_jump_tabular][INFO] - Found initial adversarial image for untargeted attack.
[2026-06-02 00:04:20,950][src.attacks.hop_skip_jump_tabular][INFO] - Found initial adversarial image for untargeted attack.
[2026-06-02 00:04:21,165][src.attacks.hop_skip_jump_tabular][INFO] - Found initial adversarial image for untargeted attack.
[2026-06-02 00:04:21,369][src.attacks.hop_skip_jump_tabular][INFO] - Found initial adversarial image for untargeted attack.
[2026-06-02 00:04:21,574][src.attacks.hop_skip_jump_tabular][INFO] - Found initial adversarial image for untargeted attack.
[2026-06-02 00:04:21,779][src.attacks.hop_skip_jump_tabular][INFO] - Found initial adversarial image for untargeted attack.
[2026-06-02 00:04:21,980][src.attacks.hop_skip_jump_tabular][INFO] - Found initial adversarial image for untargeted attack.
[2026-06-02 00:04:22,183][src.attacks.hop_skip_jump_tabular][INFO] - Found initial adversarial image for untargeted attack.
[2026-06-02 00:04:22,389][src.attacks.hop_skip_jump_tabular][INFO] - Found initial adversarial image for untargeted attack.
[2026-06-02 00:04:22,592][src.attacks.hop_skip_jump_tabular][INFO] - Found initial adversarial image for untargeted attack.
[2026-06-02 00:04:22,797][src.attacks.hop_skip_jump_tabular][INFO] - Found initial adversarial image for untargeted attack.
[2026-06-02 00:04:22,852][src.attacks.hop_skip_jump_tabular][INFO] - Found initial adversarial image for untargeted attack.
[2026-06-02 00:04:23,057][src.attacks.hop_skip_jump_tabular][INFO] - Found initial adversarial image for untargeted attack.
[2026-06-02 00:04:23,265][src.attacks.hop_skip_jump_tabular][INFO] - Found initial adversarial image for untargeted attack.
[2026-06-02 00:04:23,471][src.attacks.hop_skip_jump_tabular][INFO] - Found initial adversarial image for untargeted attack.
[2026-06-02 00:04:23,676][src.attacks.hop_skip_jump_tabular][INFO] - Found initial adversarial image for untargeted attack.
[2026-06-02 00:04:23,877][src.attacks.hop_skip_jump_tabular][INFO] - Found initial adversarial image for untargeted attack.
[2026-06-02 00:04:24,078][src.attacks.hop_skip_jump_tabular][INFO] - Found initial adversarial image for untargeted attack.
[2026-06-02 00:04:24,286][src.attacks.hop_skip_jump_tabular][INFO] - Found initial adversarial image for untargeted attack.
[2026-06-02 00:04:24,496][src.attacks.hop_skip_jump_tabular][INFO] - Found initial adversarial image for untargeted attack.
[2026-06-02 00:04:24,697][src.attacks.hop_skip_jump_tabular][INFO] - Found initial adversarial image for untargeted attack.
[2026-06-02 00:04:24,900][src.attacks.hop_skip_jump_tabular][INFO] - Found initial adversarial image for untargeted attack.
[2026-06-02 00:04:25,114][src.attacks.hop_skip_jump_tabular][INFO] - Found initial adversarial image for untargeted attack.
[2026-06-02 00:04:25,319][src.attacks.hop_skip_jump_tabular][INFO] - Found initial adversarial image for untargeted attack.
[2026-06-02 00:04:25,523][src.attacks.hop_skip_jump_tabular][INFO] - Found initial adversarial image for untargeted attack.
[2026-06-02 00:04:25,727][src.attacks.hop_skip_jump_tabular][INFO] - Found initial adversarial image for untargeted attack.
[2026-06-02 00:04:25,936][src.attacks.hop_skip_jump_tabular][INFO] - Found initial adversarial image for untargeted attack.
[2026-06-02 00:04:26,145][src.attacks.hop_skip_jump_tabular][INFO] - Found initial adversarial image for untargeted attack.
[2026-06-02 00:04:26,355][src.attacks.hop_skip_jump_tabular][INFO] - Found initial adversarial image for untargeted attack.
[2026-06-02 00:04:26,571][src.attacks.hop_skip_jump_tabular][INFO] - Found initial adversarial image for untargeted attack.
[2026-06-02 00:04:26,774][src.attacks.hop_skip_jump_tabular][INFO] - Found initial adversarial image for untargeted attack.
[2026-06-02 00:04:26,978][src.attacks.hop_skip_jump_tabular][INFO] - Found initial adversarial image for untargeted attack.
[2026-06-02 00:04:27,177][src.attacks.hop_skip_jump_tabular][INFO] - Found initial adversarial image for untargeted attack.
[2026-06-02 00:04:27,376][src.attacks.hop_skip_jump_tabular][INFO] - Found initial adversarial image for untargeted attack.
[2026-06-02 00:04:27,576][src.attacks.hop_skip_jump_tabular][INFO] - Found initial adversarial image for untargeted attack.
[2026-06-02 00:04:27,775][src.attacks.hop_skip_jump_tabular][INFO] - Found initial adversarial image for untargeted attack.
[2026-06-02 00:04:27,975][src.attacks.hop_skip_jump_tabular][INFO] - Found initial adversarial image for untargeted attack.
[2026-06-02 00:04:28,175][src.attacks.hop_skip_jump_tabular][INFO] - Found initial adversarial image for untargeted attack.
[2026-06-02 00:04:28,375][src.attacks.hop_skip_jump_tabular][INFO] - Found initial adversarial image for untargeted attack.
[2026-06-02 00:04:28,576][src.attacks.hop_skip_jump_tabular][INFO] - Found initial adversarial image for untargeted attack.
[2026-06-02 00:04:28,775][src.attacks.hop_skip_jump_tabular][INFO] - Found initial adversarial image for untargeted attack.
[2026-06-02 00:04:28,975][src.attacks.hop_skip_jump_tabular][INFO] - Found initial adversarial image for untargeted attack.
[2026-06-02 00:04:29,175][src.attacks.hop_skip_jump_tabular][INFO] - Found initial adversarial image for untargeted attack.
[2026-06-02 00:04:29,374][src.attacks.hop_skip_jump_tabular][INFO] - Found initial adversarial image for untargeted attack.
[2026-06-02 00:04:29,573][src.attacks.hop_skip_jump_tabular][INFO] - Found initial adversarial image for untargeted attack.
[2026-06-02 00:04:29,773][src.attacks.hop_skip_jump_tabular][INFO] - Found initial adversarial image for untargeted attack.
[2026-06-02 00:04:29,973][src.attacks.hop_skip_jump_tabular][INFO] - Found initial adversarial image for untargeted attack.
[2026-06-02 00:04:30,173][src.attacks.hop_skip_jump_tabular][INFO] - Found initial adversarial image for untargeted attack.
[2026-06-02 00:04:30,373][src.attacks.hop_skip_jump_tabular][INFO] - Found initial adversarial image for untargeted attack.
[2026-06-02 00:04:30,576][src.attacks.hop_skip_jump_tabular][INFO] - Found initial adversarial image for untargeted attack.
[2026-06-02 00:04:30,776][src.attacks.hop_skip_jump_tabular][INFO] - Found initial adversarial image for untargeted attack.
[2026-06-02 00:04:30,978][src.attacks.hop_skip_jump_tabular][INFO] - Found initial adversarial image for untargeted attack.
[2026-06-02 00:04:31,179][src.attacks.hop_skip_jump_tabular][INFO] - Found initial adversarial image for untargeted attack.
[2026-06-02 00:04:31,385][src.attacks.hop_skip_jump_tabular][INFO] - Found initial adversarial image for untargeted attack.
[2026-06-02 00:04:31,585][src.attacks.hop_skip_jump_tabular][INFO] - Found initial adversarial image for untargeted attack.
[2026-06-02 00:04:31,786][src.attacks.hop_skip_jump_tabular][INFO] - Found initial adversarial image for untargeted attack.
[2026-06-02 00:04:31,988][src.attacks.hop_skip_jump_tabular][INFO] - Found initial adversarial image for untargeted attack.
[2026-06-02 00:04:32,187][src.attacks.hop_skip_jump_tabular][INFO] - Found initial adversarial image for untargeted attack.
[2026-06-02 00:04:32,388][src.attacks.hop_skip_jump_tabular][INFO] - Found initial adversarial image for untargeted attack.
[2026-06-02 00:04:32,587][src.attacks.hop_skip_jump_tabular][INFO] - Found initial adversarial image for untargeted attack.
[2026-06-02 00:04:32,790][src.attacks.hop_skip_jump_tabular][INFO] - Found initial adversarial image for untargeted attack.
[2026-06-02 00:04:32,839][src.attacks.hop_skip_jump_tabular][INFO] - Found initial adversarial image for untargeted attack.
[2026-06-02 00:04:33,039][src.attacks.hop_skip_jump_tabular][INFO] - Found initial adversarial image for untargeted attack.
[2026-06-02 00:04:33,240][src.attacks.hop_skip_jump_tabular][INFO] - Found initial adversarial image for untargeted attack.
[2026-06-02 00:04:33,440][src.attacks.hop_skip_jump_tabular][INFO] - Found initial adversarial image for untargeted attack.
[2026-06-02 00:04:33,639][src.attacks.hop_skip_jump_tabular][INFO] - Found initial adversarial image for untargeted attack.
[2026-06-02 00:04:33,841][src.attacks.hop_skip_jump_tabular][INFO] - Found initial adversarial image for untargeted attack.
[2026-06-02 00:04:34,040][src.attacks.hop_skip_jump_tabular][INFO] - Found initial adversarial image for untargeted attack.
[2026-06-02 00:04:34,244][src.attacks.hop_skip_jump_tabular][INFO] - Found initial adversarial image for untargeted attack.
[2026-06-02 00:04:34,443][src.attacks.hop_skip_jump_tabular][INFO] - Found initial adversarial image for untargeted attack.
[2026-06-02 00:04:34,642][src.attacks.hop_skip_jump_tabular][INFO] - Found initial adversarial image for untargeted attack.
[2026-06-02 00:04:34,844][src.attacks.hop_skip_jump_tabular][INFO] - Found initial adversarial image for untargeted attack.
[2026-06-02 00:04:35,045][src.attacks.hop_skip_jump_tabular][INFO] - Found initial adversarial image for untargeted attack.
[2026-06-02 00:04:35,244][src.attacks.hop_skip_jump_tabular][INFO] - Found initial adversarial image for untargeted attack.
[2026-06-02 00:04:35,444][src.attacks.hop_skip_jump_tabular][INFO] - Found initial adversarial image for untargeted attack.
[2026-06-02 00:04:35,644][src.attacks.hop_skip_jump_tabular][INFO] - Found initial adversarial image for untargeted attack.
[2026-06-02 00:04:35,844][src.attacks.hop_skip_jump_tabular][INFO] - Found initial adversarial image for untargeted attack.
[2026-06-02 00:04:36,045][src.attacks.hop_skip_jump_tabular][INFO] - Found initial adversarial image for untargeted attack.
[2026-06-02 00:04:36,247][src.attacks.hop_skip_jump_tabular][INFO] - Found initial adversarial image for untargeted attack.
[2026-06-02 00:04:36,462][src.attacks.hop_skip_jump_tabular][INFO] - Found initial adversarial image for untargeted attack.
[2026-06-02 00:04:36,669][src.attacks.hop_skip_jump_tabular][INFO] - Found initial adversarial image for untargeted attack.
[2026-06-02 00:04:36,875][src.attacks.hop_skip_jump_tabular][INFO] - Found initial adversarial image for untargeted attack.
[2026-06-02 00:04:37,078][src.attacks.hop_skip_jump_tabular][INFO] - Found initial adversarial image for untargeted attack.
[2026-06-02 00:04:37,281][src.attacks.hop_skip_jump_tabular][INFO] - Found initial adversarial image for untargeted attack.
[2026-06-02 00:04:37,493][src.attacks.hop_skip_jump_tabular][INFO] - Found initial adversarial image for untargeted attack.
[2026-06-02 00:04:37,698][src.attacks.hop_skip_jump_tabular][INFO] - Found initial adversarial image for untargeted attack.
[2026-06-02 00:04:37,902][src.attacks.hop_skip_jump_tabular][INFO] - Found initial adversarial image for untargeted attack.
[2026-06-02 00:04:38,102][src.attacks.hop_skip_jump_tabular][INFO] - Found initial adversarial image for untargeted attack.
[2026-06-02 00:04:38,308][src.attacks.hop_skip_jump_tabular][INFO] - Found initial adversarial image for untargeted attack.
[2026-06-02 00:04:38,509][src.attacks.hop_skip_jump_tabular][INFO] - Found initial adversarial image for untargeted attack.
[2026-06-02 00:04:38,712][src.attacks.hop_skip_jump_tabular][INFO] - Found initial adversarial image for untargeted attack.
[2026-06-02 00:04:38,920][src.attacks.hop_skip_jump_tabular][INFO] - Found initial adversarial image for untargeted attack.
[2026-06-02 00:04:39,122][src.attacks.hop_skip_jump_tabular][INFO] - Found initial adversarial image for untargeted attack.
[2026-06-02 00:04:39,331][src.attacks.hop_skip_jump_tabular][INFO] - Found initial adversarial image for untargeted attack.
[2026-06-02 00:04:39,533][src.attacks.hop_skip_jump_tabular][INFO] - Found initial adversarial image for untargeted attack.
[2026-06-02 00:04:39,733][src.attacks.hop_skip_jump_tabular][INFO] - Found initial adversarial image for untargeted attack.
[2026-06-02 00:04:39,936][src.attacks.hop_skip_jump_tabular][INFO] - Found initial adversarial image for untargeted attack.
[2026-06-02 00:04:40,147][src.attacks.hop_skip_jump_tabular][INFO] - Found initial adversarial image for untargeted attack.
[2026-06-02 00:04:40,356][src.attacks.hop_skip_jump_tabular][INFO] - Found initial adversarial image for untargeted attack.
[2026-06-02 00:04:40,559][src.attacks.hop_skip_jump_tabular][INFO] - Found initial adversarial image for untargeted attack.
[2026-06-02 00:04:40,761][src.attacks.hop_skip_jump_tabular][INFO] - Found initial adversarial image for untargeted attack.
[2026-06-02 00:04:40,996][src.attacks.hop_skip_jump_tabular][INFO] - Found initial adversarial image for untargeted attack.
[2026-06-02 00:04:41,203][src.attacks.hop_skip_jump_tabular][INFO] - Found initial adversarial image for untargeted attack.
[2026-06-02 00:04:41,410][src.attacks.hop_skip_jump_tabular][INFO] - Found initial adversarial image for untargeted attack.
[2026-06-02 00:04:41,613][src.attacks.hop_skip_jump_tabular][INFO] - Found initial adversarial image for untargeted attack.
[2026-06-02 00:04:41,820][src.attacks.hop_skip_jump_tabular][INFO] - Found initial adversarial image for untargeted attack.
[2026-06-02 00:04:42,020][src.attacks.hop_skip_jump_tabular][INFO] - Found initial adversarial image for untargeted attack.
[2026-06-02 00:04:42,219][src.attacks.hop_skip_jump_tabular][INFO] - Found initial adversarial image for untargeted attack.
[2026-06-02 00:04:42,419][src.attacks.hop_skip_jump_tabular][INFO] - Found initial adversarial image for untargeted attack.
[2026-06-02 00:04:42,623][src.attacks.hop_skip_jump_tabular][INFO] - Found initial adversarial image for untargeted attack.
[2026-06-02 00:04:42,824][src.attacks.hop_skip_jump_tabular][INFO] - Found initial adversarial image for untargeted attack.
[2026-06-02 00:04:43,027][src.attacks.hop_skip_jump_tabular][INFO] - Found initial adversarial image for untargeted attack.
[2026-06-02 00:04:43,226][src.attacks.hop_skip_jump_tabular][INFO] - Found initial adversarial image for untargeted attack.
[2026-06-02 00:04:43,434][src.attacks.hop_skip_jump_tabular][INFO] - Found initial adversarial image for untargeted attack.
[2026-06-02 00:04:43,641][src.attacks.hop_skip_jump_tabular][INFO] - Found initial adversarial image for untargeted attack.
[2026-06-02 00:04:43,841][src.attacks.hop_skip_jump_tabular][INFO] - Found initial adversarial image for untargeted attack.
[2026-06-02 00:04:44,047][src.attacks.hop_skip_jump_tabular][INFO] - Found initial adversarial image for untargeted attack.
[2026-06-02 00:04:44,249][src.attacks.hop_skip_jump_tabular][INFO] - Found initial adversarial image for untargeted attack.
[2026-06-02 00:04:44,452][src.attacks.hop_skip_jump_tabular][INFO] - Found initial adversarial image for untargeted attack.
[2026-06-02 00:04:44,658][src.attacks.hop_skip_jump_tabular][INFO] - Found initial adversarial image for untargeted attack.
[2026-06-02 00:04:44,860][src.attacks.hop_skip_jump_tabular][INFO] - Found initial adversarial image for untargeted attack.
[2026-06-02 00:04:45,071][src.attacks.hop_skip_jump_tabular][INFO] - Found initial adversarial image for untargeted attack.
[2026-06-02 00:04:45,279][src.attacks.hop_skip_jump_tabular][INFO] - Found initial adversarial image for untargeted attack.
[2026-06-02 00:04:45,485][src.attacks.hop_skip_jump_tabular][INFO] - Found initial adversarial image for untargeted attack.
[2026-06-02 00:04:45,690][src.attacks.hop_skip_jump_tabular][INFO] - Found initial adversarial image for untargeted attack.
[2026-06-02 00:04:45,892][src.attacks.hop_skip_jump_tabular][INFO] - Found initial adversarial image for untargeted attack.
[2026-06-02 00:04:46,094][src.attacks.hop_skip_jump_tabular][INFO] - Found initial adversarial image for untargeted attack.
[2026-06-02 00:04:46,299][src.attacks.hop_skip_jump_tabular][INFO] - Found initial adversarial image for untargeted attack.
[2026-06-02 00:04:46,502][src.attacks.hop_skip_jump_tabular][INFO] - Found initial adversarial image for untargeted attack.
[2026-06-02 00:04:46,703][src.attacks.hop_skip_jump_tabular][INFO] - Found initial adversarial image for untargeted attack.
[2026-06-02 00:04:46,906][src.attacks.hop_skip_jump_tabular][INFO] - Found initial adversarial image for untargeted attack.
[2026-06-02 00:04:47,108][src.attacks.hop_skip_jump_tabular][INFO] - Found initial adversarial image for untargeted attack.
[2026-06-02 00:04:47,309][src.attacks.hop_skip_jump_tabular][INFO] - Found initial adversarial image for untargeted attack.
[2026-06-02 00:04:47,515][src.attacks.hop_skip_jump_tabular][INFO] - Found initial adversarial image for untargeted attack.
[2026-06-02 00:04:47,716][src.attacks.hop_skip_jump_tabular][INFO] - Found initial adversarial image for untargeted attack.
[2026-06-02 00:04:47,922][src.attacks.hop_skip_jump_tabular][INFO] - Found initial adversarial image for untargeted attack.
[2026-06-02 00:04:48,126][src.attacks.hop_skip_jump_tabular][INFO] - Found initial adversarial image for untargeted attack.
[2026-06-02 00:04:48,346][src.attacks.hop_skip_jump_tabular][INFO] - Found initial adversarial image for untargeted attack.
[2026-06-02 00:04:48,556][src.attacks.hop_skip_jump_tabular][INFO] - Found initial adversarial image for untargeted attack.
[2026-06-02 00:04:48,757][src.attacks.hop_skip_jump_tabular][INFO] - Found initial adversarial image for untargeted attack.
[2026-06-02 00:04:48,974][src.attacks.hop_skip_jump_tabular][INFO] - Found initial adversarial image for untargeted attack.
[2026-06-02 00:04:49,176][src.attacks.hop_skip_jump_tabular][INFO] - Found initial adversarial image for untargeted attack.
[2026-06-02 00:04:49,376][src.attacks.hop_skip_jump_tabular][INFO] - Found initial adversarial image for untargeted attack.
[2026-06-02 00:04:49,580][src.attacks.hop_skip_jump_tabular][INFO] - Found initial adversarial image for untargeted attack.
[2026-06-02 00:04:49,778][src.attacks.hop_skip_jump_tabular][INFO] - Found initial adversarial image for untargeted attack.
[2026-06-02 00:04:49,980][src.attacks.hop_skip_jump_tabular][INFO] - Found initial adversarial image for untargeted attack.
[2026-06-02 00:04:50,183][src.attacks.hop_skip_jump_tabular][INFO] - Found initial adversarial image for untargeted attack.
[2026-06-02 00:04:50,394][src.attacks.hop_skip_jump_tabular][INFO] - Found initial adversarial image for untargeted attack.
[2026-06-02 00:04:50,603][src.attacks.hop_skip_jump_tabular][INFO] - Found initial adversarial image for untargeted attack.
[2026-06-02 00:04:50,802][src.attacks.hop_skip_jump_tabular][INFO] - Found initial adversarial image for untargeted attack.
[2026-06-02 00:04:51,006][src.attacks.hop_skip_jump_tabular][INFO] - Found initial adversarial image for untargeted attack.
[2026-06-02 00:04:51,205][src.attacks.hop_skip_jump_tabular][INFO] - Found initial adversarial image for untargeted attack.
[2026-06-02 00:04:51,405][src.attacks.hop_skip_jump_tabular][INFO] - Found initial adversarial image for untargeted attack.
[2026-06-02 00:04:51,608][src.attacks.hop_skip_jump_tabular][INFO] - Found initial adversarial image for untargeted attack.
[2026-06-02 00:04:51,806][src.attacks.hop_skip_jump_tabular][INFO] - Found initial adversarial image for untargeted attack.
[2026-06-02 00:04:52,010][src.attacks.hop_skip_jump_tabular][INFO] - Found initial adversarial image for untargeted attack.
[2026-06-02 00:04:52,209][src.attacks.hop_skip_jump_tabular][INFO] - Found initial adversarial image for untargeted attack.
[2026-06-02 00:04:52,410][src.attacks.hop_skip_jump_tabular][INFO] - Found initial adversarial image for untargeted attack.
[2026-06-02 00:04:52,610][src.attacks.hop_skip_jump_tabular][INFO] - Found initial adversarial image for untargeted attack.
[2026-06-02 00:04:52,809][src.attacks.hop_skip_jump_tabular][INFO] - Found initial adversarial image for untargeted attack.
[2026-06-02 00:04:53,011][src.attacks.hop_skip_jump_tabular][INFO] - Found initial adversarial image for untargeted attack.
[2026-06-02 00:04:53,209][src.attacks.hop_skip_jump_tabular][INFO] - Found initial adversarial image for untargeted attack.
[2026-06-02 00:04:53,408][src.attacks.hop_skip_jump_tabular][INFO] - Found initial adversarial image for untargeted attack.
[2026-06-02 00:04:53,639][src.attacks.hop_skip_jump_tabular][INFO] - Found initial adversarial image for untargeted attack.
[2026-06-02 00:04:53,838][src.attacks.hop_skip_jump_tabular][INFO] - Found initial adversarial image for untargeted attack.
[2026-06-02 00:04:54,042][src.attacks.hop_skip_jump_tabular][INFO] - Found initial adversarial image for untargeted attack.
[2026-06-02 00:04:54,244][src.attacks.hop_skip_jump_tabular][INFO] - Found initial adversarial image for untargeted attack.
[2026-06-02 00:04:54,451][src.attacks.hop_skip_jump_tabular][INFO] - Found initial adversarial image for untargeted attack.
[2026-06-02 00:04:54,654][src.attacks.hop_skip_jump_tabular][INFO] - Found initial adversarial image for untargeted attack.
[2026-06-02 00:04:54,857][src.attacks.hop_skip_jump_tabular][INFO] - Found initial adversarial image for untargeted attack.
[2026-06-02 00:04:55,062][src.attacks.hop_skip_jump_tabular][INFO] - Found initial adversarial image for untargeted attack.
[2026-06-02 00:04:55,263][src.attacks.hop_skip_jump_tabular][INFO] - Found initial adversarial image for untargeted attack.
[2026-06-02 00:04:55,469][src.attacks.hop_skip_jump_tabular][INFO] - Found initial adversarial image for untargeted attack.
[2026-06-02 00:04:55,672][src.attacks.hop_skip_jump_tabular][INFO] - Found initial adversarial image for untargeted attack.
[2026-06-02 00:04:55,873][src.attacks.hop_skip_jump_tabular][INFO] - Found initial adversarial image for untargeted attack.
[2026-06-02 00:04:56,078][src.attacks.hop_skip_jump_tabular][INFO] - Found initial adversarial image for untargeted attack.
[2026-06-02 00:04:56,309][src.attacks.hop_skip_jump_tabular][INFO] - Found initial adversarial image for untargeted attack.
[2026-06-02 00:04:56,517][src.attacks.hop_skip_jump_tabular][INFO] - Found initial adversarial image for untargeted attack.
[2026-06-02 00:04:56,729][src.attacks.hop_skip_jump_tabular][INFO] - Found initial adversarial image for untargeted attack.
[2026-06-02 00:04:56,934][src.attacks.hop_skip_jump_tabular][INFO] - Found initial adversarial image for untargeted attack.
[2026-06-02 00:04:57,139][src.attacks.hop_skip_jump_tabular][INFO] - Found initial adversarial image for untargeted attack.
[2026-06-02 00:04:57,188][src.attacks.hop_skip_jump_tabular][INFO] - Found initial adversarial image for untargeted attack.
[2026-06-02 00:04:57,393][src.attacks.hop_skip_jump_tabular][INFO] - Found initial adversarial image for untargeted attack.
[2026-06-02 00:04:57,594][src.attacks.hop_skip_jump_tabular][INFO] - Found initial adversarial image for untargeted attack.
[2026-06-02 00:04:57,796][src.attacks.hop_skip_jump_tabular][INFO] - Found initial adversarial image for untargeted attack.
[2026-06-02 00:04:58,002][src.attacks.hop_skip_jump_tabular][INFO] - Found initial adversarial image for untargeted attack.
[2026-06-02 00:04:58,211][src.attacks.hop_skip_jump_tabular][INFO] - Found initial adversarial image for untargeted attack.
[2026-06-02 00:04:58,413][src.attacks.hop_skip_jump_tabular][INFO] - Found initial adversarial image for untargeted attack.
[2026-06-02 00:04:58,619][src.attacks.hop_skip_jump_tabular][INFO] - Found initial adversarial image for untargeted attack.
[2026-06-02 00:04:58,859][src.attacks.hop_skip_jump_tabular][INFO] - Found initial adversarial image for untargeted attack.
[2026-06-02 00:04:59,062][src.attacks.hop_skip_jump_tabular][INFO] - Found initial adversarial image for untargeted attack.
[2026-06-02 00:04:59,263][src.attacks.hop_skip_jump_tabular][INFO] - Found initial adversarial image for untargeted attack.
[2026-06-02 00:04:59,462][src.attacks.hop_skip_jump_tabular][INFO] - Found initial adversarial image for untargeted attack.
[2026-06-02 00:04:59,665][src.attacks.hop_skip_jump_tabular][INFO] - Found initial adversarial image for untargeted attack.
[2026-06-02 00:04:59,868][src.attacks.hop_skip_jump_tabular][INFO] - Found initial adversarial image for untargeted attack.
[2026-06-02 00:05:00,076][src.attacks.hop_skip_jump_tabular][INFO] - Found initial adversarial image for untargeted attack.
[2026-06-02 00:05:00,279][src.attacks.hop_skip_jump_tabular][INFO] - Found initial adversarial image for untargeted attack.
[2026-06-02 00:05:00,479][src.attacks.hop_skip_jump_tabular][INFO] - Found initial adversarial image for untargeted attack.
[2026-06-02 00:05:00,686][src.attacks.hop_skip_jump_tabular][INFO] - Found initial adversarial image for untargeted attack.
[2026-06-02 00:05:00,893][src.attacks.hop_skip_jump_tabular][INFO] - Found initial adversarial image for untargeted attack.
[2026-06-02 00:05:01,096][src.attacks.hop_skip_jump_tabular][INFO] - Found initial adversarial image for untargeted attack.
[2026-06-02 00:05:01,296][src.attacks.hop_skip_jump_tabular][INFO] - Found initial adversarial image for untargeted attack.
[2026-06-02 00:05:01,499][src.attacks.hop_skip_jump_tabular][INFO] - Found initial adversarial image for untargeted attack.
[2026-06-02 00:05:01,706][src.attacks.hop_skip_jump_tabular][INFO] - Found initial adversarial image for untargeted attack.
[2026-06-02 00:05:01,907][src.attacks.hop_skip_jump_tabular][INFO] - Found initial adversarial image for untargeted attack.
[2026-06-02 00:05:02,115][src.attacks.hop_skip_jump_tabular][INFO] - Found initial adversarial image for untargeted attack.
[2026-06-02 00:05:02,323][src.attacks.hop_skip_jump_tabular][INFO] - Found initial adversarial image for untargeted attack.
[2026-06-02 00:05:02,523][src.attacks.hop_skip_jump_tabular][INFO] - Found initial adversarial image for untargeted attack.
[2026-06-02 00:05:02,726][src.attacks.hop_skip_jump_tabular][INFO] - Found initial adversarial image for untargeted attack.
[2026-06-02 00:05:02,925][src.attacks.hop_skip_jump_tabular][INFO] - Found initial adversarial image for untargeted attack.
[2026-06-02 00:05:03,128][src.attacks.hop_skip_jump_tabular][INFO] - Found initial adversarial image for untargeted attack.
[2026-06-02 00:05:03,329][src.attacks.hop_skip_jump_tabular][INFO] - Found initial adversarial image for untargeted attack.
[2026-06-02 00:05:03,530][src.attacks.hop_skip_jump_tabular][INFO] - Found initial adversarial image for untargeted attack.
[2026-06-02 00:05:03,731][src.attacks.hop_skip_jump_tabular][INFO] - Found initial adversarial image for untargeted attack.
[2026-06-02 00:05:03,930][src.attacks.hop_skip_jump_tabular][INFO] - Found initial adversarial image for untargeted attack.
[2026-06-02 00:05:04,131][src.attacks.hop_skip_jump_tabular][INFO] - Found initial adversarial image for untargeted attack.
[2026-06-02 00:05:04,331][src.attacks.hop_skip_jump_tabular][INFO] - Found initial adversarial image for untargeted attack.
[2026-06-02 00:05:04,386][src.attacks.hop_skip_jump_tabular][INFO] - Success rate of HopSkipJump attack: 95.14%
[2026-06-02 00:05:06,860][__main__][INFO] - after-hop-skip-jump: {'is_misclassified_rate': 0.9514124293785311, 'confusion_matrix': {'TP': 43, 'FP': 0, 'FN': 842, 'TN': 0}, 'fnr': 0.9514124293785311, 'recall_fraud': 0.04858757062146893, 'l0_costs_mean': 9.527683615819209, 'l0_costs_on_mis_mean': 9.617577197149643, 'stand_linf_costs_mean': 0.8425078627561926, 'stand_linf_costs_on_mis_mean': 0.8744399923274476}
[2026-06-02 00:05:06,861][__main__][INFO] - Evaluations: {'before-attack': {'is_misclassified_rate': 0.0, 'confusion_matrix': {'TP': 885, 'FP': 0, 'FN': 0, 'TN': 0}, 'fnr': 0.0, 'recall_fraud': 1.0, 'l0_costs_mean': 0.0, 'l0_costs_on_mis_mean': 0.0, 'stand_linf_costs_mean': 0.0, 'stand_linf_costs_on_mis_mean': 0.0}, 'after-hop-skip-jump': {'is_misclassified_rate': 0.9514124293785311, 'confusion_matrix': {'TP': 43, 'FP': 0, 'FN': 842, 'TN': 0}, 'fnr': 0.9514124293785311, 'recall_fraud': 0.04858757062146893, 'l0_costs_mean': 9.527683615819209, 'l0_costs_on_mis_mean': 9.617577197149643, 'stand_linf_costs_mean': 0.8425078627561926, 'stand_linf_costs_on_mis_mean': 0.8744399923274476, 'delta_fnr': 0.9514124293785311}}
[2026-06-02 00:05:06,861][__main__][INFO] - Finished run. results saved in /home/omar/Desktop/TESIS1/adversarial-attack-cafa/outputs/amlworld_hi_smote/hop_skip_jump_mlp
